sequencing_id	coriell_id	kgp_id	batch	file_path	superpop	subpop	sex	hapmap	read_counts
GM12843	GM12843	NA12843	1	${fastqDir}/batch1/GM12843_R1_001.fastq.gz	EUR	CEU	female	yes	24858299
GM12878	GM12878	NA12878	1	${fastqDir}/batch1/GM12878_R1_001.fastq.gz	EUR	CEU	female	yes	32005058
GM18536	GM18536	NA18536	1	${fastqDir}/batch1/GM18536_R1_001.fastq.gz	EAS	CHB	male	yes	25187628
GM18555	GM18555	NA18555	1	${fastqDir}/batch1/GM18555_R1_001.fastq.gz	EAS	CHB	female	yes	29924207
GM18877	GM18877	NA18877	1	${fastqDir}/batch1/GM18877_R1_001.fastq.gz	AFR	YRI	male	yes	27877330
GM18971	GM18971	NA18971	1	${fastqDir}/batch1/GM18971_R1_001.fastq.gz	EAS	JPT	male	yes	31010233
GM19068	GM19068	NA19068	1	${fastqDir}/batch1/GM19068_R1_001.fastq.gz	EAS	JPT	male	yes	28595828
GM19080	GM19080	NA19080	1	${fastqDir}/batch1/GM19080_R1_001.fastq.gz	EAS	JPT	female	yes	30508194
GM19129	GM19129	NA19129	1	${fastqDir}/batch1/GM19129_R1_001.fastq.gz	AFR	YRI	female	yes	30686749
GM19377	GM19377	NA19377	1	${fastqDir}/batch1/GM19377_R1_001.fastq.gz	AFR	LWK	female	yes	29992695
GM19762	GM19762	NA19762	1	${fastqDir}/batch1/GM19762_R1_001.fastq.gz	AMR	MXL	male	yes	24116433
GM19795	GM19795	NA19795	1	${fastqDir}/batch1/GM19795_R1_001.fastq.gz	AMR	MXL	male	yes	28466156
GM19922	GM19922	NA19922	1	${fastqDir}/batch1/GM19922_R1_001.fastq.gz	AFR	ASW	male	yes	27990359
GM20298	GM20298	NA20298	1	${fastqDir}/batch1/GM20298_R1_001.fastq.gz	AFR	ASW	male	yes	27865602
GM20525	GM20525	NA20525	1	${fastqDir}/batch1/GM20525_R1_001.fastq.gz	EUR	TSI	male	yes	26036756
GM20764	GM20764	NA20764	1	${fastqDir}/batch1/GM20764_R1_001.fastq.gz	EUR	TSI	female	yes	27507131
GM20815	GM20815	NA20815	1	${fastqDir}/batch1/GM20815_R1_001.fastq.gz	EUR	TSI	male	yes	27440183
GM21112	GM21112	NA21112	1	${fastqDir}/batch1/GM21112_R1_001.fastq.gz	SAS	GIH	male	yes	30296688
HG00183-1-1	HG00183	HG00183	1	${fastqDir}/batch1/HG00183-1-1_R1_001.fastq.gz	EUR	FIN	male	no	22939306
HG00183-1-2	HG00183	HG00183	1	${fastqDir}/batch1/HG00183-1-2_R1_001.fastq.gz	EUR	FIN	male	no	29531573
HG00404	HG00404	HG00404	1	${fastqDir}/batch1/HG00404_R1_001.fastq.gz	EAS	CHS	female	no	28977984
HG00728	HG00728	HG00728	1	${fastqDir}/batch1/HG00728_R1_001.fastq.gz	EAS	CHS	male	no	28371083
HG00864	HG00864	HG00864	1	${fastqDir}/batch1/HG00864_R1_001.fastq.gz	EAS	CDX	female	no	24101249
HG01137	HG01137	HG01137	1	${fastqDir}/batch1/HG01137_R1_001.fastq.gz	AMR	CLM	female	no	24575549
HG01204	HG01204	HG01204	1	${fastqDir}/batch1/HG01204_R1_001.fastq.gz	AMR	PUR	male	no	28290853
HG01312	HG01312	HG01312	1	${fastqDir}/batch1/HG01312_R1_001.fastq.gz	AMR	PUR	female	no	30794051
HG01447	HG01447	HG01447	1	${fastqDir}/batch1/HG01447_R1_001.fastq.gz	AMR	CLM	female	no	23778098
HG01524	HG01524	HG01524	1	${fastqDir}/batch1/HG01524_R1_001.fastq.gz	EUR	IBS	male	no	29271282
HG01578	HG01578	HG01578	1	${fastqDir}/batch1/HG01578_R1_001.fastq.gz	AMR	PEL	female	no	29664883
HG01762	HG01762	HG01762	1	${fastqDir}/batch1/HG01762_R1_001.fastq.gz	EUR	IBS	female	no	30770240
HG01790	HG01790	HG01790	1	${fastqDir}/batch1/HG01790_R1_001.fastq.gz	EUR	GBR	female	no	26343989
HG02067	HG02067	HG02067	1	${fastqDir}/batch1/HG02067_R1_001.fastq.gz	EAS	KHV	male	no	27622021
HG02156	HG02156	HG02156	1	${fastqDir}/batch1/HG02156_R1_001.fastq.gz	EAS	CDX	female	no	26898011
HG02307	HG02307	HG02307	1	${fastqDir}/batch1/HG02307_R1_001.fastq.gz	AFR	ACB	male	no	29242004
HG02389	HG02389	HG02389	1	${fastqDir}/batch1/HG02389_R1_001.fastq.gz	EAS	CDX	male	no	24909048
HG02678	HG02678	HG02678	1	${fastqDir}/batch1/HG02678_R1_001.fastq.gz	AFR	GWD	male	no	32942072
HG02804	HG02804	HG02804	1	${fastqDir}/batch1/HG02804_R1_001.fastq.gz	AFR	GWD	male	no	31813126
HG02979	HG02979	HG02979	1	${fastqDir}/batch1/HG02979_R1_001.fastq.gz	AFR	ESN	female	no	34399164
HG03018	HG03018	HG03018	1	${fastqDir}/batch1/HG03018_R1_001.fastq.gz	SAS	PJL	male	no	29935771
HG03129	HG03129	HG03129	1	${fastqDir}/batch1/HG03129_R1_001.fastq.gz	AFR	ESN	female	no	28418047
HG03380	HG03380	HG03380	1	${fastqDir}/batch1/HG03380_R1_001.fastq.gz	AFR	MSL	female	no	28614820
HG03460	HG03460	HG03460	1	${fastqDir}/batch1/HG03460_R1_001.fastq.gz	AFR	MSL	male	no	33376537
HG03730	HG03730	HG03730	1	${fastqDir}/batch1/HG03730_R1_001.fastq.gz	SAS	ITU	female	no	23735154
HG03736	HG03736	HG03736	1	${fastqDir}/batch1/HG03736_R1_001.fastq.gz	SAS	STU	female	no	29851286
HG03770	HG03770	HG03770	1	${fastqDir}/batch1/HG03770_R1_001.fastq.gz	SAS	ITU	female	no	31563997
HG03900	HG03900	HG03900	1	${fastqDir}/batch1/HG03900_R1_001.fastq.gz	SAS	STU	male	no	32209105
HG03922	HG03922	HG03922	1	${fastqDir}/batch1/HG03922_R1_001.fastq.gz	SAS	BEB	female	no	29480213
HG03989	HG03989	HG03989	1	${fastqDir}/batch1/HG03989_R1_001.fastq.gz	SAS	STU	female	no	29677174
GM11930	GM11930	NA11930	2	${fastqDir}/batch2/GM11930_R1_001.fastq.gz	EUR	CEU	male	yes	21854489
GM12748	GM12748	NA12748	2	${fastqDir}/batch2/GM12748_R1_001.fastq.gz	EUR	CEU	male	yes	23632055
GM18504	GM18504	NA18504	2	${fastqDir}/batch2/GM18504_R1_001.fastq.gz	AFR	YRI	male	yes	31371329
GM18626	GM18626	NA18626	2	${fastqDir}/batch2/GM18626_R1_001.fastq.gz	EAS	CHB	female	yes	30103754
GM18636	GM18636	NA18636	2	${fastqDir}/batch2/GM18636_R1_001.fastq.gz	EAS	CHB	male	yes	34032619
GM18865	GM18865	NA18865	2	${fastqDir}/batch2/GM18865_R1_001.fastq.gz	AFR	YRI	male	yes	27766006
GM18881	GM18881	NA18881	2	${fastqDir}/batch2/GM18881_R1_001.fastq.gz	AFR	YRI	female	yes	28634664
GM19054	GM19054	NA19054	2	${fastqDir}/batch2/GM19054_R1_001.fastq.gz	EAS	JPT	female	yes	22020781
GM19308	GM19308	NA19308	2	${fastqDir}/batch2/GM19308_R1_001.fastq.gz	AFR	LWK	male	yes	29967922
GM19397	GM19397	NA19397	2	${fastqDir}/batch2/GM19397_R1_001.fastq.gz	AFR	LWK	male	yes	27159828
GM19625	GM19625	NA19625	2	${fastqDir}/batch2/GM19625_R1_001.fastq.gz	AFR	ASW	female	yes	27878470
GM19759	GM19759	NA19759	2	${fastqDir}/batch2/GM19759_R1_001.fastq.gz	AMR	MXL	male	yes	29308384
GM19901	GM19901	NA19901	2	${fastqDir}/batch2/GM19901_R1_001.fastq.gz	AFR	ASW	female	yes	28251205
GM20755	GM20755	NA20755	2	${fastqDir}/batch2/GM20755_R1_001.fastq.gz	EUR	TSI	male	yes	27272630
GM20763	GM20763	NA20763	2	${fastqDir}/batch2/GM20763_R1_001.fastq.gz	EUR	TSI	male	yes	27176397
GM20792	GM20792	NA20792	2	${fastqDir}/batch2/GM20792_R1_001.fastq.gz	EUR	TSI	male	yes	28373827
GM20875	GM20875	NA20875	2	${fastqDir}/batch2/GM20875_R1_001.fastq.gz	SAS	GIH	female	yes	28952837
GM20876	GM20876	NA20876	2	${fastqDir}/batch2/GM20876_R1_001.fastq.gz	SAS	GIH	female	yes	28202886
HG00121-2-1	HG00121	HG00121	2	${fastqDir}/batch2/HG00121-2-1_R1_001.fastq.gz	EUR	GBR	female	no	29661162
HG00121-2-2	HG00121	HG00121	2	${fastqDir}/batch2/HG00121-2-2_R1_001.fastq.gz	EUR	GBR	female	no	26168465
HG00186	HG00186	HG00186	2	${fastqDir}/batch2/HG00186_R1_001.fastq.gz	EUR	FIN	male	no	28298549
HG00190	HG00190	HG00190	2	${fastqDir}/batch2/HG00190_R1_001.fastq.gz	EUR	FIN	male	no	29189466
HG00537	HG00537	HG00537	2	${fastqDir}/batch2/HG00537_R1_001.fastq.gz	EAS	CHS	female	no	27752968
HG00551	HG00551	HG00551	2	${fastqDir}/batch2/HG00551_R1_001.fastq.gz	AMR	PUR	female	no	25800272
HG00590	HG00590	HG00590	2	${fastqDir}/batch2/HG00590_R1_001.fastq.gz	EAS	CHS	female	no	23574563
HG00978	HG00978	HG00978	2	${fastqDir}/batch2/HG00978_R1_001.fastq.gz	EAS	CDX	female	no	25081199
HG01479	HG01479	HG01479	2	${fastqDir}/batch2/HG01479_R1_001.fastq.gz	AMR	CLM	male	no	21212203
HG01589	HG01589	HG01589	2	${fastqDir}/batch2/HG01589_R1_001.fastq.gz	SAS	PJL	male	no	21470346
HG01597	HG01597	HG01597	2	${fastqDir}/batch2/HG01597_R1_001.fastq.gz	EAS	KHV	female	no	31409686
HG01613	HG01613	HG01613	2	${fastqDir}/batch2/HG01613_R1_001.fastq.gz	EUR	IBS	female	no	27338048
HG01970	HG01970	HG01970	2	${fastqDir}/batch2/HG01970_R1_001.fastq.gz	AMR	PEL	male	no	25309358
HG02089	HG02089	HG02089	2	${fastqDir}/batch2/HG02089_R1_001.fastq.gz	AMR	PEL	female	no	33377393
HG02215-2-1	HG02215	HG02215	2	${fastqDir}/batch2/HG02215-2-1_R1_001.fastq.gz	EUR	GBR	female	no	30882372
HG02215-2-2	HG02215	HG02215	2	${fastqDir}/batch2/HG02215-2-2_R1_001.fastq.gz	EUR	GBR	female	no	26164893
HG02283	HG02283	HG02283	2	${fastqDir}/batch2/HG02283_R1_001.fastq.gz	AFR	ACB	male	no	29693134
HG02337	HG02337	HG02337	2	${fastqDir}/batch2/HG02337_R1_001.fastq.gz	AFR	ACB	female	no	29087024
HG02513	HG02513	HG02513	2	${fastqDir}/batch2/HG02513_R1_001.fastq.gz	EAS	KHV	female	no	30611931
HG02649	HG02649	HG02649	2	${fastqDir}/batch2/HG02649_R1_001.fastq.gz	SAS	PJL	female	no	31481410
HG03247	HG03247	HG03247	2	${fastqDir}/batch2/HG03247_R1_001.fastq.gz	AFR	GWD	female	no	28493041
HG03271	HG03271	HG03271	2	${fastqDir}/batch2/HG03271_R1_001.fastq.gz	AFR	ESN	male	no	27960157
HG03372	HG03372	HG03372	2	${fastqDir}/batch2/HG03372_R1_001.fastq.gz	AFR	ESN	female	no	30081162
HG03445	HG03445	HG03445	2	${fastqDir}/batch2/HG03445_R1_001.fastq.gz	AFR	MSL	male	no	29108488
HG03556	HG03556	HG03556	2	${fastqDir}/batch2/HG03556_R1_001.fastq.gz	AFR	MSL	male	no	32186579
HG03696	HG03696	HG03696	2	${fastqDir}/batch2/HG03696_R1_001.fastq.gz	SAS	STU	male	no	25034996
HG03815	HG03815	HG03815	2	${fastqDir}/batch2/HG03815_R1_001.fastq.gz	SAS	BEB	male	no	26134199
HG03971	HG03971	HG03971	2	${fastqDir}/batch2/HG03971_R1_001.fastq.gz	SAS	ITU	male	no	28853034
HG04002	HG04002	HG04002	2	${fastqDir}/batch2/HG04002_R1_001.fastq.gz	SAS	ITU	male	no	33910730
HG04158	HG04158	HG04158	2	${fastqDir}/batch2/HG04158_R1_001.fastq.gz	SAS	BEB	male	no	25600314
GM11919	GM11919	NA11919	3	${fastqDir}/batch3/GM11919_R1_001.fastq.gz	EUR	CEU	male	yes	21660473
GM12546	GM12546	NA12546	3	${fastqDir}/batch3/GM12546_R1_001.fastq.gz	EUR	CEU	male	yes	19265304
GM18501	GM18501	NA18501	3	${fastqDir}/batch3/GM18501_R1_001.fastq.gz	AFR	YRI	male	yes	25362272
GM18558	GM18558	NA18558	3	${fastqDir}/batch3/GM18558_R1_001.fastq.gz	EAS	CHB	male	yes	22958064
GM18853	GM18853	NA18853	3	${fastqDir}/batch3/GM18853_R1_001.fastq.gz	AFR	YRI	male	yes	21125473
GM18954	GM18954	NA18954	3	${fastqDir}/batch3/GM18954_R1_001.fastq.gz	EAS	JPT	female	yes	28038832
GM19028	GM19028	NA19028	3	${fastqDir}/batch3/GM19028_R1_001.fastq.gz	AFR	LWK	male	yes	27323386
GM19075	GM19075	NA19075	3	${fastqDir}/batch3/GM19075_R1_001.fastq.gz	EAS	JPT	male	yes	28740620
GM19081	GM19081	NA19081	3	${fastqDir}/batch3/GM19081_R1_001.fastq.gz	EAS	JPT	female	yes	26477257
GM19095-3-1	GM19095	NA19095	3	${fastqDir}/batch3/GM19095-3-1_R1_001.fastq.gz	AFR	YRI	female	yes	25671523
GM19095-3-2	GM19095	NA19095	3	${fastqDir}/batch3/GM19095-3-2_R1_001.fastq.gz	AFR	YRI	female	yes	27047561
GM19374	GM19374	NA19374	3	${fastqDir}/batch3/GM19374_R1_001.fastq.gz	AFR	LWK	male	yes	28678055
GM19717	GM19717	NA19717	3	${fastqDir}/batch3/GM19717_R1_001.fastq.gz	AMR	MXL	male	yes	21821518
GM19788	GM19788	NA19788	3	${fastqDir}/batch3/GM19788_R1_001.fastq.gz	AMR	MXL	female	yes	23917996
GM19908	GM19908	NA19908	3	${fastqDir}/batch3/GM19908_R1_001.fastq.gz	AFR	ASW	male	yes	24236405
GM20587	GM20587	NA20587	3	${fastqDir}/batch3/GM20587_R1_001.fastq.gz	EUR	TSI	female	yes	26974539
GM20762	GM20762	NA20762	3	${fastqDir}/batch3/GM20762_R1_001.fastq.gz	EUR	TSI	male	yes	25643104
GM20859	GM20859	NA20859	3	${fastqDir}/batch3/GM20859_R1_001.fastq.gz	SAS	GIH	female	yes	24537092
GM20867	GM20867	NA20867	3	${fastqDir}/batch3/GM20867_R1_001.fastq.gz	SAS	GIH	male	yes	24209297
HG00183	HG00183	HG00183	3	${fastqDir}/batch3/HG00183_R1_001.fastq.gz	EUR	FIN	male	no	26378158
HG00188-3-1	HG00188	HG00188	3	${fastqDir}/batch3/HG00188-3-1_R1_001.fastq.gz	EUR	FIN	male	no	22861100
HG00188-3-2	HG00188	HG00188	3	${fastqDir}/batch3/HG00188-3-2_R1_001.fastq.gz	EUR	FIN	male	no	23817394
HG00237	HG00237	HG00237	3	${fastqDir}/batch3/HG00237_R1_001.fastq.gz	EUR	GBR	female	no	26222287
HG00260	HG00260	HG00260	3	${fastqDir}/batch3/HG00260_R1_001.fastq.gz	EUR	GBR	male	no	18390577
HG00327	HG00327	HG00327	3	${fastqDir}/batch3/HG00327_R1_001.fastq.gz	EUR	FIN	female	no	20083729
HG00473	HG00473	HG00473	3	${fastqDir}/batch3/HG00473_R1_001.fastq.gz	EAS	CHS	female	no	18298800
HG00589	HG00589	HG00589	3	${fastqDir}/batch3/HG00589_R1_001.fastq.gz	EAS	CHS	male	no	20311083
HG01162	HG01162	HG01162	3	${fastqDir}/batch3/HG01162_R1_001.fastq.gz	AMR	PUR	female	no	25342202
HG01389	HG01389	HG01389	3	${fastqDir}/batch3/HG01389_R1_001.fastq.gz	AMR	CLM	male	no	30118609
HG01390	HG01390	HG01390	3	${fastqDir}/batch3/HG01390_R1_001.fastq.gz	AMR	CLM	female	no	23205521
HG01610	HG01610	HG01610	3	${fastqDir}/batch3/HG01610_R1_001.fastq.gz	EUR	IBS	male	no	26583738
HG01797	HG01797	HG01797	3	${fastqDir}/batch3/HG01797_R1_001.fastq.gz	EAS	CDX	female	no	25497494
HG01858	HG01858	HG01858	3	${fastqDir}/batch3/HG01858_R1_001.fastq.gz	EAS	KHV	female	no	26464180
HG01890	HG01890	HG01890	3	${fastqDir}/batch3/HG01890_R1_001.fastq.gz	AFR	ACB	male	no	28040836
HG01973	HG01973	HG01973	3	${fastqDir}/batch3/HG01973_R1_001.fastq.gz	AMR	PEL	female	no	29263771
HG02166	HG02166	HG02166	3	${fastqDir}/batch3/HG02166_R1_001.fastq.gz	EAS	CDX	female	no	23685633
HG02312	HG02312	HG02312	3	${fastqDir}/batch3/HG02312_R1_001.fastq.gz	AMR	PEL	female	no	26178137
HG02497	HG02497	HG02497	3	${fastqDir}/batch3/HG02497_R1_001.fastq.gz	AFR	ACB	female	no	26787862
HG02660	HG02660	HG02660	3	${fastqDir}/batch3/HG02660_R1_001.fastq.gz	SAS	PJL	male	no	26694894
HG02737	HG02737	HG02737	3	${fastqDir}/batch3/HG02737_R1_001.fastq.gz	SAS	PJL	female	no	25404252
HG02888	HG02888	HG02888	3	${fastqDir}/batch3/HG02888_R1_001.fastq.gz	AFR	GWD	female	no	31673262
HG03160	HG03160	HG03160	3	${fastqDir}/batch3/HG03160_R1_001.fastq.gz	AFR	ESN	male	no	26857628
HG03446	HG03446	HG03446	3	${fastqDir}/batch3/HG03446_R1_001.fastq.gz	AFR	MSL	female	no	23085344
HG03714	HG03714	HG03714	3	${fastqDir}/batch3/HG03714_R1_001.fastq.gz	SAS	ITU	female	no	20828462
HG03738	HG03738	HG03738	3	${fastqDir}/batch3/HG03738_R1_001.fastq.gz	SAS	STU	male	no	23310203
HG03826	HG03826	HG03826	3	${fastqDir}/batch3/HG03826_R1_001.fastq.gz	SAS	BEB	female	no	24606256
HG03861	HG03861	HG03861	3	${fastqDir}/batch3/HG03861_R1_001.fastq.gz	SAS	ITU	female	no	22618284
HG04188	HG04188	HG04188	3	${fastqDir}/batch3/HG04188_R1_001.fastq.gz	SAS	BEB	male	no	24510397
GM12414	GM12414	NA12414	4	${fastqDir}/batch4/GM12414_R1_001.fastq.gz	EUR	CEU	female	yes	26305893
GM12778	GM12778	NA12778	4	${fastqDir}/batch4/GM12778_R1_001.fastq.gz	EUR	CEU	female	yes	26953953
GM18516	GM18516	NA18516	4	${fastqDir}/batch4/GM18516_R1_001.fastq.gz	AFR	YRI	male	yes	20261616
GM18535	GM18535	NA18535	4	${fastqDir}/batch4/GM18535_R1_001.fastq.gz	EAS	CHB	female	yes	28153191
GM18545	GM18545	NA18545	4	${fastqDir}/batch4/GM18545_R1_001.fastq.gz	EAS	CHB	female	yes	25289511
GM18997	GM18997	NA18997	4	${fastqDir}/batch4/GM18997_R1_001.fastq.gz	EAS	JPT	female	yes	27740631
GM19025	GM19025	NA19025	4	${fastqDir}/batch4/GM19025_R1_001.fastq.gz	AFR	LWK	male	yes	26479668
GM19143	GM19143	NA19143	4	${fastqDir}/batch4/GM19143_R1_001.fastq.gz	AFR	YRI	female	yes	21464893
GM19430	GM19430	NA19430	4	${fastqDir}/batch4/GM19430_R1_001.fastq.gz	AFR	LWK	male	yes	22259197
GM19719	GM19719	NA19719	4	${fastqDir}/batch4/GM19719_R1_001.fastq.gz	AMR	MXL	female	yes	22836260
GM19904	GM19904	NA19904	4	${fastqDir}/batch4/GM19904_R1_001.fastq.gz	AFR	ASW	male	yes	22838359
GM19982	GM19982	NA19982	4	${fastqDir}/batch4/GM19982_R1_001.fastq.gz	AFR	ASW	male	yes	28365724
GM20797-4-1	GM20797	NA20797	4	${fastqDir}/batch4/GM20797-4-1_R1_001.fastq.gz	EUR	TSI	female	yes	29209994
GM20797-4-2	GM20797	NA20797	4	${fastqDir}/batch4/GM20797-4-2_R1_001.fastq.gz	EUR	TSI	female	yes	19429393
GM20888	GM20888	NA20888	4	${fastqDir}/batch4/GM20888_R1_001.fastq.gz	SAS	GIH	female	yes	25339532
GM21127	GM21127	NA21127	4	${fastqDir}/batch4/GM21127_R1_001.fastq.gz	SAS	GIH	male	yes	20205201
HG00100	HG00100	HG00100	4	${fastqDir}/batch4/HG00100_R1_001.fastq.gz	EUR	GBR	female	no	20852116
HG00132	HG00132	HG00132	4	${fastqDir}/batch4/HG00132_R1_001.fastq.gz	EUR	GBR	female	no	23438392
HG00151	HG00151	HG00151	4	${fastqDir}/batch4/HG00151_R1_001.fastq.gz	EUR	GBR	male	no	24241832
HG00185	HG00185	HG00185	4	${fastqDir}/batch4/HG00185_R1_001.fastq.gz	EUR	FIN	male	no	22787353
HG00290	HG00290	HG00290	4	${fastqDir}/batch4/HG00290_R1_001.fastq.gz	EUR	FIN	male	no	20450317
HG00565	HG00565	HG00565	4	${fastqDir}/batch4/HG00565_R1_001.fastq.gz	EAS	CHS	male	no	20883561
HG01092	HG01092	HG01092	4	${fastqDir}/batch4/HG01092_R1_001.fastq.gz	AMR	PUR	female	no	25142210
HG01174	HG01174	HG01174	4	${fastqDir}/batch4/HG01174_R1_001.fastq.gz	AMR	PUR	female	no	26037060
HG01383	HG01383	HG01383	4	${fastqDir}/batch4/HG01383_R1_001.fastq.gz	AMR	CLM	male	no	27725151
HG01492	HG01492	HG01492	4	${fastqDir}/batch4/HG01492_R1_001.fastq.gz	AMR	CLM	female	no	27321027
HG01607	HG01607	HG01607	4	${fastqDir}/batch4/HG01607_R1_001.fastq.gz	EUR	IBS	female	no	29215689
HG01669	HG01669	HG01669	4	${fastqDir}/batch4/HG01669_R1_001.fastq.gz	EUR	IBS	male	no	27843627
HG01785	HG01785	HG01785	4	${fastqDir}/batch4/HG01785_R1_001.fastq.gz	EUR	IBS	male	no	27203067
HG01844	HG01844	HG01844	4	${fastqDir}/batch4/HG01844_R1_001.fastq.gz	EAS	KHV	male	no	28817374
HG01862	HG01862	HG01862	4	${fastqDir}/batch4/HG01862_R1_001.fastq.gz	EAS	KHV	female	no	31140114
HG01945	HG01945	HG01945	4	${fastqDir}/batch4/HG01945_R1_001.fastq.gz	AMR	PEL	female	no	26480600
HG02058	HG02058	HG02058	4	${fastqDir}/batch4/HG02058_R1_001.fastq.gz	EAS	KHV	male	no	32681005
HG02394	HG02394	HG02394	4	${fastqDir}/batch4/HG02394_R1_001.fastq.gz	EAS	CDX	male	no	27713851
HG02536	HG02536	HG02536	4	${fastqDir}/batch4/HG02536_R1_001.fastq.gz	AFR	ACB	male	no	27681835
HG02613	HG02613	HG02613	4	${fastqDir}/batch4/HG02613_R1_001.fastq.gz	AFR	GWD	male	no	20955104
HG02768	HG02768	HG02768	4	${fastqDir}/batch4/HG02768_R1_001.fastq.gz	AFR	GWD	male	no	26283801
HG02968	HG02968	HG02968	4	${fastqDir}/batch4/HG02968_R1_001.fastq.gz	AFR	ESN	male	no	22313631
HG02970	HG02970	HG02970	4	${fastqDir}/batch4/HG02970_R1_001.fastq.gz	AFR	ESN	female	no	26176462
HG03097	HG03097	HG03097	4	${fastqDir}/batch4/HG03097_R1_001.fastq.gz	AFR	MSL	female	no	23002795
HG03485	HG03485	HG03485	4	${fastqDir}/batch4/HG03485_R1_001.fastq.gz	AFR	MSL	female	no	25218976
HG03491	HG03491	HG03491	4	${fastqDir}/batch4/HG03491_R1_001.fastq.gz	SAS	PJL	female	no	25795774
HG03585	HG03585	HG03585	4	${fastqDir}/batch4/HG03585_R1_001.fastq.gz	SAS	BEB	male	no	22571731
HG03673	HG03673	HG03673	4	${fastqDir}/batch4/HG03673_R1_001.fastq.gz	SAS	STU	female	no	21772376
HG03866	HG03866	HG03866	4	${fastqDir}/batch4/HG03866_R1_001.fastq.gz	SAS	ITU	male	no	22079489
HG03888	HG03888	HG03888	4	${fastqDir}/batch4/HG03888_R1_001.fastq.gz	SAS	STU	female	no	21544835
HG03977	HG03977	HG03977	4	${fastqDir}/batch4/HG03977_R1_001.fastq.gz	SAS	ITU	female	no	25042906
GM06985	GM06985	NA06985	5	${fastqDir}/batch5/GM06985_R1_001.fastq.gz	EUR	CEU	female	yes	54215703
GM12718	GM12718	NA12718	5	${fastqDir}/batch5/GM12718_R1_001.fastq.gz	EUR	CEU	female	yes	48453373
GM18621	GM18621	NA18621	5	${fastqDir}/batch5/GM18621_R1_001.fastq.gz	EAS	CHB	male	yes	58547079
GM18924	GM18924	NA18924	5	${fastqDir}/batch5/GM18924_R1_001.fastq.gz	AFR	YRI	female	yes	40619679
GM18948	GM18948	NA18948	5	${fastqDir}/batch5/GM18948_R1_001.fastq.gz	EAS	JPT	male	yes	52974364
GM19312	GM19312	NA19312	5	${fastqDir}/batch5/GM19312_R1_001.fastq.gz	AFR	LWK	male	yes	53708995
GM19351	GM19351	NA19351	5	${fastqDir}/batch5/GM19351_R1_001.fastq.gz	AFR	LWK	female	yes	58493992
GM19654	GM19654	NA19654	5	${fastqDir}/batch5/GM19654_R1_001.fastq.gz	AMR	MXL	female	yes	51605840
GM19676	GM19676	NA19676	5	${fastqDir}/batch5/GM19676_R1_001.fastq.gz	AMR	MXL	male	yes	46541747
GM20320	GM20320	NA20320	5	${fastqDir}/batch5/GM20320_R1_001.fastq.gz	AFR	ASW	female	yes	47714358
GM20771	GM20771	NA20771	5	${fastqDir}/batch5/GM20771_R1_001.fastq.gz	EUR	TSI	female	yes	57327737
GM20850	GM20850	NA20850	5	${fastqDir}/batch5/GM20850_R1_001.fastq.gz	SAS	GIH	male	yes	47446314
GM21111	GM21111	NA21111	5	${fastqDir}/batch5/GM21111_R1_001.fastq.gz	SAS	GIH	male	yes	51171898
HG00130-5-1	HG00130	HG00130	5	${fastqDir}/batch5/HG00130-5-1_R1_001.fastq.gz	EUR	GBR	female	no	52880812
HG00130-5-2	HG00130	HG00130	5	${fastqDir}/batch5/HG00130-5-2_R1_001.fastq.gz	EUR	GBR	female	no	44415967
HG00148	HG00148	HG00148	5	${fastqDir}/batch5/HG00148_R1_001.fastq.gz	EUR	GBR	male	no	44310450
HG00188	HG00188	HG00188	5	${fastqDir}/batch5/HG00188_R1_001.fastq.gz	EUR	FIN	male	no	48347543
HG00285	HG00285	HG00285	5	${fastqDir}/batch5/HG00285_R1_001.fastq.gz	EUR	FIN	female	no	52073005
HG00325	HG00325	HG00325	5	${fastqDir}/batch5/HG00325_R1_001.fastq.gz	EUR	FIN	male	no	49592032
HG00342-5-1	HG00342	HG00342	5	${fastqDir}/batch5/HG00342-5-1_R1_001.fastq.gz	EUR	FIN	male	no	46811913
HG00342-5-2	HG00342	HG00342	5	${fastqDir}/batch5/HG00342-5-2_R1_001.fastq.gz	EUR	FIN	male	no	47339719
HG00583	HG00583	HG00583	5	${fastqDir}/batch5/HG00583_R1_001.fastq.gz	EAS	CHS	male	no	52605422
HG00705	HG00705	HG00705	5	${fastqDir}/batch5/HG00705_R1_001.fastq.gz	EAS	CHS	female	no	43009427
HG01029	HG01029	HG01029	5	${fastqDir}/batch5/HG01029_R1_001.fastq.gz	EAS	CDX	female	no	55290228
HG01047	HG01047	HG01047	5	${fastqDir}/batch5/HG01047_R1_001.fastq.gz	AMR	PUR	male	no	53808013
HG01125	HG01125	HG01125	5	${fastqDir}/batch5/HG01125_R1_001.fastq.gz	AMR	CLM	female	no	45012870
HG01342	HG01342	HG01342	5	${fastqDir}/batch5/HG01342_R1_001.fastq.gz	AMR	CLM	female	no	51219083
HG01606	HG01606	HG01606	5	${fastqDir}/batch5/HG01606_R1_001.fastq.gz	EUR	IBS	male	no	50772451
HG01870	HG01870	HG01870	5	${fastqDir}/batch5/HG01870_R1_001.fastq.gz	EAS	KHV	female	no	43394568
HG02105	HG02105	HG02105	5	${fastqDir}/batch5/HG02105_R1_001.fastq.gz	AMR	PEL	female	no	49717643
HG02250	HG02250	HG02250	5	${fastqDir}/batch5/HG02250_R1_001.fastq.gz	EAS	CDX	male	no	50503403
HG02274	HG02274	HG02274	5	${fastqDir}/batch5/HG02274_R1_001.fastq.gz	AMR	PEL	male	no	50747648
HG02334	HG02334	HG02334	5	${fastqDir}/batch5/HG02334_R1_001.fastq.gz	AFR	ACB	male	no	52544133
HG02429	HG02429	HG02429	5	${fastqDir}/batch5/HG02429_R1_001.fastq.gz	AFR	ACB	male	no	53247261
HG02601	HG02601	HG02601	5	${fastqDir}/batch5/HG02601_R1_001.fastq.gz	SAS	PJL	female	no	46457011
HG02896	HG02896	HG02896	5	${fastqDir}/batch5/HG02896_R1_001.fastq.gz	AFR	GWD	female	no	51418715
HG03077	HG03077	HG03077	5	${fastqDir}/batch5/HG03077_R1_001.fastq.gz	AFR	MSL	male	no	45995773
HG03157	HG03157	HG03157	5	${fastqDir}/batch5/HG03157_R1_001.fastq.gz	AFR	ESN	male	no	46323512
HG03461	HG03461	HG03461	5	${fastqDir}/batch5/HG03461_R1_001.fastq.gz	AFR	MSL	female	no	51836298
HG03520	HG03520	HG03520	5	${fastqDir}/batch5/HG03520_R1_001.fastq.gz	AFR	ESN	female	no	46552973
HG03521	HG03521	HG03521	5	${fastqDir}/batch5/HG03521_R1_001.fastq.gz	AFR	ESN	male	no	50459453
HG03668	HG03668	HG03668	5	${fastqDir}/batch5/HG03668_R1_001.fastq.gz	SAS	PJL	female	no	48073588
HG03709	HG03709	HG03709	5	${fastqDir}/batch5/HG03709_R1_001.fastq.gz	SAS	PJL	female	no	47615356
HG03727	HG03727	HG03727	5	${fastqDir}/batch5/HG03727_R1_001.fastq.gz	SAS	ITU	male	no	48143953
HG03998	HG03998	HG03998	5	${fastqDir}/batch5/HG03998_R1_001.fastq.gz	SAS	STU	male	no	49979755
HG04164	HG04164	HG04164	5	${fastqDir}/batch5/HG04164_R1_001.fastq.gz	SAS	BEB	male	no	52092448
HG04185	HG04185	HG04185	5	${fastqDir}/batch5/HG04185_R1_001.fastq.gz	SAS	BEB	male	no	51742936
HG04227	HG04227	HG04227	5	${fastqDir}/batch5/HG04227_R1_001.fastq.gz	SAS	STU	female	no	50777791
GM12717	GM12717	NA12717	6	${fastqDir}/batch6/GM12717_R1_001.fastq.gz	EUR	CEU	female	yes	32808778
GM18596	GM18596	NA18596	6	${fastqDir}/batch6/GM18596_R1_001.fastq.gz	EAS	CHB	female	yes	25560190
GM18609	GM18609	NA18609	6	${fastqDir}/batch6/GM18609_R1_001.fastq.gz	EAS	CHB	male	yes	32893594
GM18861-6-1	GM18861	NA18861	6	${fastqDir}/batch6/GM18861-6-1_R1_001.fastq.gz	AFR	YRI	female	yes	30371372
GM18861-6-2	GM18861	NA18861	6	${fastqDir}/batch6/GM18861-6-2_R1_001.fastq.gz	AFR	YRI	female	yes	30640411
GM18864	GM18864	NA18864	6	${fastqDir}/batch6/GM18864_R1_001.fastq.gz	AFR	YRI	female	yes	27861814
GM18953	GM18953	NA18953	6	${fastqDir}/batch6/GM18953_R1_001.fastq.gz	EAS	JPT	male	yes	28841580
GM18972	GM18972	NA18972	6	${fastqDir}/batch6/GM18972_R1_001.fastq.gz	EAS	JPT	female	yes	34131268
GM19443	GM19443	NA19443	6	${fastqDir}/batch6/GM19443_R1_001.fastq.gz	AFR	LWK	male	yes	27483459
GM19711	GM19711	NA19711	6	${fastqDir}/batch6/GM19711_R1_001.fastq.gz	AFR	ASW	male	yes	26229854
GM19758	GM19758	NA19758	6	${fastqDir}/batch6/GM19758_R1_001.fastq.gz	AMR	MXL	female	yes	35064463
GM19761	GM19761	NA19761	6	${fastqDir}/batch6/GM19761_R1_001.fastq.gz	AMR	MXL	female	yes	24005125
GM20359	GM20359	NA20359	6	${fastqDir}/batch6/GM20359_R1_001.fastq.gz	AFR	ASW	female	yes	26564656
GM20533	GM20533	NA20533	6	${fastqDir}/batch6/GM20533_R1_001.fastq.gz	EUR	TSI	female	yes	25614727
GM20821	GM20821	NA20821	6	${fastqDir}/batch6/GM20821_R1_001.fastq.gz	EUR	TSI	female	yes	24099548
GM20856	GM20856	NA20856	6	${fastqDir}/batch6/GM20856_R1_001.fastq.gz	SAS	GIH	female	yes	22698340
GM20886	GM20886	NA20886	6	${fastqDir}/batch6/GM20886_R1_001.fastq.gz	SAS	GIH	female	yes	26759089
HG00113	HG00113	HG00113	6	${fastqDir}/batch6/HG00113_R1_001.fastq.gz	EUR	GBR	male	no	27523770
HG00146	HG00146	HG00146	6	${fastqDir}/batch6/HG00146_R1_001.fastq.gz	EUR	GBR	female	no	22423536
HG00243	HG00243	HG00243	6	${fastqDir}/batch6/HG00243_R1_001.fastq.gz	EUR	GBR	male	no	27801578
HG00355	HG00355	HG00355	6	${fastqDir}/batch6/HG00355_R1_001.fastq.gz	EUR	FIN	female	no	26664611
HG00513	HG00513	HG00513	6	${fastqDir}/batch6/HG00513_R1_001.fastq.gz	EAS	CHS	female	no	27177455
HG01060	HG01060	HG01060	6	${fastqDir}/batch6/HG01060_R1_001.fastq.gz	AMR	PUR	male	no	29297313
HG01131	HG01131	HG01131	6	${fastqDir}/batch6/HG01131_R1_001.fastq.gz	AMR	CLM	female	no	26442532
HG01277	HG01277	HG01277	6	${fastqDir}/batch6/HG01277_R1_001.fastq.gz	AMR	CLM	male	no	27835186
HG01395	HG01395	HG01395	6	${fastqDir}/batch6/HG01395_R1_001.fastq.gz	AMR	PUR	male	no	32154351
HG01509	HG01509	HG01509	6	${fastqDir}/batch6/HG01509_R1_001.fastq.gz	EUR	IBS	male	no	30110992
HG01598	HG01598	HG01598	6	${fastqDir}/batch6/HG01598_R1_001.fastq.gz	EAS	KHV	female	no	29907615
HG01684	HG01684	HG01684	6	${fastqDir}/batch6/HG01684_R1_001.fastq.gz	EUR	IBS	female	no	31873101
HG02023	HG02023	HG02023	6	${fastqDir}/batch6/HG02023_R1_001.fastq.gz	EAS	KHV	male	no	29994948
HG02128	HG02128	HG02128	6	${fastqDir}/batch6/HG02128_R1_001.fastq.gz	EAS	KHV	male	no	27917643
HG02188	HG02188	HG02188	6	${fastqDir}/batch6/HG02188_R1_001.fastq.gz	EAS	CDX	female	no	27826862
HG02230	HG02230	HG02230	6	${fastqDir}/batch6/HG02230_R1_001.fastq.gz	EUR	IBS	female	no	28766684
HG02348	HG02348	HG02348	6	${fastqDir}/batch6/HG02348_R1_001.fastq.gz	AMR	PEL	female	no	28130907
HG02450	HG02450	HG02450	6	${fastqDir}/batch6/HG02450_R1_001.fastq.gz	AFR	ACB	female	no	28409444
HG02489	HG02489	HG02489	6	${fastqDir}/batch6/HG02489_R1_001.fastq.gz	AFR	ACB	male	no	29471588
HG02620	HG02620	HG02620	6	${fastqDir}/batch6/HG02620_R1_001.fastq.gz	AFR	GWD	male	no	27553593
HG02654	HG02654	HG02654	6	${fastqDir}/batch6/HG02654_R1_001.fastq.gz	SAS	PJL	male	no	24681787
HG02817	HG02817	HG02817	6	${fastqDir}/batch6/HG02817_R1_001.fastq.gz	AFR	GWD	female	no	27937170
HG03069	HG03069	HG03069	6	${fastqDir}/batch6/HG03069_R1_001.fastq.gz	AFR	MSL	male	no	24782924
HG03118	HG03118	HG03118	6	${fastqDir}/batch6/HG03118_R1_001.fastq.gz	AFR	ESN	male	no	25414388
HG03397	HG03397	HG03397	6	${fastqDir}/batch6/HG03397_R1_001.fastq.gz	AFR	MSL	male	no	26330903
HG03862	HG03862	HG03862	6	${fastqDir}/batch6/HG03862_R1_001.fastq.gz	SAS	ITU	female	no	24916279
HG03896	HG03896	HG03896	6	${fastqDir}/batch6/HG03896_R1_001.fastq.gz	SAS	STU	male	no	28456682
HG03902	HG03902	HG03902	6	${fastqDir}/batch6/HG03902_R1_001.fastq.gz	SAS	BEB	male	no	32464923
HG03976	HG03976	HG03976	6	${fastqDir}/batch6/HG03976_R1_001.fastq.gz	SAS	ITU	male	no	23620166
HG04107	HG04107	HG04107	6	${fastqDir}/batch6/HG04107_R1_001.fastq.gz	SAS	STU	male	no	28435573
HG04195	HG04195	HG04195	6	${fastqDir}/batch6/HG04195_R1_001.fastq.gz	SAS	BEB	female	no	28597250
GM11932	GM11932	NA11932	7	${fastqDir}/batch7/GM11932_R1_001.fastq.gz	EUR	CEU	male	yes	21385541
GM18544	GM18544	NA18544	7	${fastqDir}/batch7/GM18544_R1_001.fastq.gz	EAS	CHB	male	yes	22966750
GM18876	GM18876	NA18876	7	${fastqDir}/batch7/GM18876_R1_001.fastq.gz	AFR	YRI	female	yes	28691576
GM18934	GM18934	NA18934	7	${fastqDir}/batch7/GM18934_R1_001.fastq.gz	AFR	YRI	male	yes	32766214
GM18970	GM18970	NA18970	7	${fastqDir}/batch7/GM18970_R1_001.fastq.gz	EAS	JPT	male	yes	23824155
GM19129-7-1	GM19129	NA19129	7	${fastqDir}/batch7/GM19129-7-1_R1_001.fastq.gz	AFR	YRI	female	yes	31850453
GM19129-7-2	GM19129	NA19129	7	${fastqDir}/batch7/GM19129-7-2_R1_001.fastq.gz	AFR	YRI	female	yes	31290162
GM19385	GM19385	NA19385	7	${fastqDir}/batch7/GM19385_R1_001.fastq.gz	AFR	LWK	male	yes	32363297
GM19752	GM19752	NA19752	7	${fastqDir}/batch7/GM19752_R1_001.fastq.gz	AMR	MXL	female	yes	31708721
GM19785	GM19785	NA19785	7	${fastqDir}/batch7/GM19785_R1_001.fastq.gz	AMR	MXL	female	yes	27628935
GM20318	GM20318	NA20318	7	${fastqDir}/batch7/GM20318_R1_001.fastq.gz	AFR	ASW	male	yes	36254085
GM20351	GM20351	NA20351	7	${fastqDir}/batch7/GM20351_R1_001.fastq.gz	AFR	ASW	male	yes	30234511
GM20412	GM20412	NA20412	7	${fastqDir}/batch7/GM20412_R1_001.fastq.gz	AFR	ASW	female	yes	28858697
GM20502	GM20502	NA20502	7	${fastqDir}/batch7/GM20502_R1_001.fastq.gz	EUR	TSI	female	yes	26288158
GM20532-7-1	GM20532	NA20532	7	${fastqDir}/batch7/GM20532-7-1_R1_001.fastq.gz	EUR	TSI	male	yes	30593045
GM20532-7-2	GM20532	NA20532	7	${fastqDir}/batch7/GM20532-7-2_R1_001.fastq.gz	EUR	TSI	male	yes	25027895
GM21110	GM21110	NA21110	7	${fastqDir}/batch7/GM21110_R1_001.fastq.gz	SAS	GIH	female	yes	29660640
HG00122	HG00122	HG00122	7	${fastqDir}/batch7/HG00122_R1_001.fastq.gz	EUR	GBR	female	no	31532967
HG00237-7-1	HG00237	HG00237	7	${fastqDir}/batch7/HG00237-7-1_R1_001.fastq.gz	EUR	GBR	female	no	31653880
HG00237-7-2	HG00237	HG00237	7	${fastqDir}/batch7/HG00237-7-2_R1_001.fastq.gz	EUR	GBR	female	no	34760102
HG00342	HG00342	HG00342	7	${fastqDir}/batch7/HG00342_R1_001.fastq.gz	EUR	FIN	male	no	24531240
HG00628	HG00628	HG00628	7	${fastqDir}/batch7/HG00628_R1_001.fastq.gz	EAS	CHS	male	no	29721166
HG00631	HG00631	HG00631	7	${fastqDir}/batch7/HG00631_R1_001.fastq.gz	EAS	CHS	male	no	32697656
HG01164	HG01164	HG01164	7	${fastqDir}/batch7/HG01164_R1_001.fastq.gz	AMR	PUR	male	no	20206304
HG01242	HG01242	HG01242	7	${fastqDir}/batch7/HG01242_R1_001.fastq.gz	AMR	PUR	female	no	34533825
HG01251	HG01251	HG01251	7	${fastqDir}/batch7/HG01251_R1_001.fastq.gz	AMR	CLM	female	no	24656041
HG01363	HG01363	HG01363	7	${fastqDir}/batch7/HG01363_R1_001.fastq.gz	AMR	CLM	female	no	32501312
HG01695	HG01695	HG01695	7	${fastqDir}/batch7/HG01695_R1_001.fastq.gz	EUR	IBS	female	no	32385784
HG01843	HG01843	HG01843	7	${fastqDir}/batch7/HG01843_R1_001.fastq.gz	EAS	KHV	female	no	26019982
HG01921	HG01921	HG01921	7	${fastqDir}/batch7/HG01921_R1_001.fastq.gz	AMR	PEL	female	no	23858229
HG02053	HG02053	HG02053	7	${fastqDir}/batch7/HG02053_R1_001.fastq.gz	AFR	ACB	male	no	28577444
HG02165	HG02165	HG02165	7	${fastqDir}/batch7/HG02165_R1_001.fastq.gz	EAS	CDX	female	no	33573163
HG02215	HG02215	HG02215	7	${fastqDir}/batch7/HG02215_R1_001.fastq.gz	EUR	GBR	female	no	39018820
HG02220	HG02220	HG02220	7	${fastqDir}/batch7/HG02220_R1_001.fastq.gz	EUR	IBS	female	no	33451414
HG02292	HG02292	HG02292	7	${fastqDir}/batch7/HG02292_R1_001.fastq.gz	AMR	PEL	female	no	28114856
HG02409	HG02409	HG02409	7	${fastqDir}/batch7/HG02409_R1_001.fastq.gz	EAS	CDX	male	no	33660061
HG02624	HG02624	HG02624	7	${fastqDir}/batch7/HG02624_R1_001.fastq.gz	AFR	GWD	female	no	27835675
HG02643	HG02643	HG02643	7	${fastqDir}/batch7/HG02643_R1_001.fastq.gz	AFR	GWD	female	no	33642983
HG02792	HG02792	HG02792	7	${fastqDir}/batch7/HG02792_R1_001.fastq.gz	SAS	PJL	male	no	25878909
HG02816	HG02816	HG02816	7	${fastqDir}/batch7/HG02816_R1_001.fastq.gz	AFR	GWD	male	no	24783212
HG03091	HG03091	HG03091	7	${fastqDir}/batch7/HG03091_R1_001.fastq.gz	AFR	MSL	female	no	27764685
HG03105	HG03105	HG03105	7	${fastqDir}/batch7/HG03105_R1_001.fastq.gz	AFR	ESN	female	no	33230025
HG03117	HG03117	HG03117	7	${fastqDir}/batch7/HG03117_R1_001.fastq.gz	AFR	ESN	female	no	27637207
HG03857	HG03857	HG03857	7	${fastqDir}/batch7/HG03857_R1_001.fastq.gz	SAS	STU	female	no	28603319
HG03897	HG03897	HG03897	7	${fastqDir}/batch7/HG03897_R1_001.fastq.gz	SAS	STU	female	no	28496344
HG03934	HG03934	HG03934	7	${fastqDir}/batch7/HG03934_R1_001.fastq.gz	SAS	BEB	female	no	26167402
HG03978	HG03978	HG03978	7	${fastqDir}/batch7/HG03978_R1_001.fastq.gz	SAS	ITU	male	no	36663668
HG04155	HG04155	HG04155	7	${fastqDir}/batch7/HG04155_R1_001.fastq.gz	SAS	BEB	male	no	33811238
GM07000	GM07000	NA07000	8	${fastqDir}/batch8/GM07000_R1_001.fastq.gz	EUR	CEU	female	yes	24897000
GM12154	GM12154	NA12154	8	${fastqDir}/batch8/GM12154_R1_001.fastq.gz	EUR	CEU	male	yes	32635045
GM12874	GM12874	NA12874	8	${fastqDir}/batch8/GM12874_R1_001.fastq.gz	EUR	CEU	male	yes	20780033
GM18508	GM18508	NA18508	8	${fastqDir}/batch8/GM18508_R1_001.fastq.gz	AFR	YRI	female	yes	25850329
GM18639	GM18639	NA18639	8	${fastqDir}/batch8/GM18639_R1_001.fastq.gz	EAS	CHB	male	yes	30246107
GM18645	GM18645	NA18645	8	${fastqDir}/batch8/GM18645_R1_001.fastq.gz	EAS	CHB	male	yes	23372062
GM18749	GM18749	NA18749	8	${fastqDir}/batch8/GM18749_R1_001.fastq.gz	EAS	CHB	male	yes	23493284
GM18951	GM18951	NA18951	8	${fastqDir}/batch8/GM18951_R1_001.fastq.gz	EAS	JPT	female	yes	22297517
GM19009	GM19009	NA19009	8	${fastqDir}/batch8/GM19009_R1_001.fastq.gz	EAS	JPT	male	yes	23834113
GM19346	GM19346	NA19346	8	${fastqDir}/batch8/GM19346_R1_001.fastq.gz	AFR	LWK	male	yes	29466544
GM19454	GM19454	NA19454	8	${fastqDir}/batch8/GM19454_R1_001.fastq.gz	AFR	LWK	male	yes	24373830
GM19657	GM19657	NA19657	8	${fastqDir}/batch8/GM19657_R1_001.fastq.gz	AMR	MXL	female	yes	28052304
GM19764	GM19764	NA19764	8	${fastqDir}/batch8/GM19764_R1_001.fastq.gz	AMR	MXL	female	yes	30297232
GM20314	GM20314	NA20314	8	${fastqDir}/batch8/GM20314_R1_001.fastq.gz	AFR	ASW	female	yes	28719380
GM20778	GM20778	NA20778	8	${fastqDir}/batch8/GM20778_R1_001.fastq.gz	EUR	TSI	male	yes	23069062
GM20790	GM20790	NA20790	8	${fastqDir}/batch8/GM20790_R1_001.fastq.gz	EUR	TSI	female	yes	25835562
GM21130	GM21130	NA21130	8	${fastqDir}/batch8/GM21130_R1_001.fastq.gz	SAS	GIH	male	yes	24739966
HG00110-8-1	HG00110	HG00110	8	${fastqDir}/batch8/HG00110-8-1_R1_001.fastq.gz	EUR	GBR	female	no	25496905
HG00110-8-2	HG00110	HG00110	8	${fastqDir}/batch8/HG00110-8-2_R1_001.fastq.gz	EUR	GBR	female	no	26799966
HG00179	HG00179	HG00179	8	${fastqDir}/batch8/HG00179_R1_001.fastq.gz	EUR	FIN	female	no	26305498
HG00326	HG00326	HG00326	8	${fastqDir}/batch8/HG00326_R1_001.fastq.gz	EUR	FIN	female	no	26970812
HG00475	HG00475	HG00475	8	${fastqDir}/batch8/HG00475_R1_001.fastq.gz	EAS	CHS	male	no	26150455
HG00553	HG00553	HG00553	8	${fastqDir}/batch8/HG00553_R1_001.fastq.gz	AMR	PUR	male	no	26500065
HG00607	HG00607	HG00607	8	${fastqDir}/batch8/HG00607_R1_001.fastq.gz	EAS	CHS	male	no	24427324
HG01341	HG01341	HG01341	8	${fastqDir}/batch8/HG01341_R1_001.fastq.gz	AMR	CLM	male	no	24539838
HG01522	HG01522	HG01522	8	${fastqDir}/batch8/HG01522_R1_001.fastq.gz	EUR	IBS	female	no	29048825
HG01800	HG01800	HG01800	8	${fastqDir}/batch8/HG01800_R1_001.fastq.gz	EAS	CDX	female	no	31452040
HG01879	HG01879	HG01879	8	${fastqDir}/batch8/HG01879_R1_001.fastq.gz	AFR	ACB	male	no	28359672
HG01939	HG01939	HG01939	8	${fastqDir}/batch8/HG01939_R1_001.fastq.gz	AMR	PEL	female	no	25159377
HG01950	HG01950	HG01950	8	${fastqDir}/batch8/HG01950_R1_001.fastq.gz	AMR	PEL	male	no	26374910
HG02052	HG02052	HG02052	8	${fastqDir}/batch8/HG02052_R1_001.fastq.gz	AFR	ACB	female	no	28376359
HG02121	HG02121	HG02121	8	${fastqDir}/batch8/HG02121_R1_001.fastq.gz	EAS	KHV	female	no	29275525
HG02136	HG02136	HG02136	8	${fastqDir}/batch8/HG02136_R1_001.fastq.gz	EAS	KHV	female	no	24863675
HG02364	HG02364	HG02364	8	${fastqDir}/batch8/HG02364_R1_001.fastq.gz	EAS	CDX	male	no	28277150
HG02597	HG02597	HG02597	8	${fastqDir}/batch8/HG02597_R1_001.fastq.gz	SAS	PJL	male	no	22245618
HG02731	HG02731	HG02731	8	${fastqDir}/batch8/HG02731_R1_001.fastq.gz	SAS	PJL	female	no	28048159
HG02884	HG02884	HG02884	8	${fastqDir}/batch8/HG02884_R1_001.fastq.gz	AFR	GWD	male	no	27719465
HG03084	HG03084	HG03084	8	${fastqDir}/batch8/HG03084_R1_001.fastq.gz	AFR	MSL	male	no	21850781
HG03166	HG03166	HG03166	8	${fastqDir}/batch8/HG03166_R1_001.fastq.gz	AFR	ESN	male	no	26508097
HG03313	HG03313	HG03313	8	${fastqDir}/batch8/HG03313_R1_001.fastq.gz	AFR	ESN	male	no	25638248
HG03382	HG03382	HG03382	8	${fastqDir}/batch8/HG03382_R1_001.fastq.gz	AFR	MSL	male	no	33738605
HG03616	HG03616	HG03616	8	${fastqDir}/batch8/HG03616_R1_001.fastq.gz	SAS	BEB	female	no	32402599
HG03741	HG03741	HG03741	8	${fastqDir}/batch8/HG03741_R1_001.fastq.gz	SAS	STU	female	no	26860705
HG03778	HG03778	HG03778	8	${fastqDir}/batch8/HG03778_R1_001.fastq.gz	SAS	ITU	male	no	29686122
HG03782	HG03782	HG03782	8	${fastqDir}/batch8/HG03782_R1_001.fastq.gz	SAS	ITU	female	no	36034995
HG03803	HG03803	HG03803	8	${fastqDir}/batch8/HG03803_R1_001.fastq.gz	SAS	BEB	male	no	28157159
HG03885	HG03885	HG03885	8	${fastqDir}/batch8/HG03885_R1_001.fastq.gz	SAS	STU	male	no	35268769
GM11933	GM11933	NA11933	9	${fastqDir}/batch9/GM11933_R1_001.fastq.gz	EUR	CEU	female	yes	25906236
GM12399	GM12399	NA12399	9	${fastqDir}/batch9/GM12399_R1_001.fastq.gz	EUR	CEU	male	yes	20663246
GM18522	GM18522	NA18522	9	${fastqDir}/batch9/GM18522_R1_001.fastq.gz	AFR	YRI	male	yes	30275176
GM18528	GM18528	NA18528	9	${fastqDir}/batch9/GM18528_R1_001.fastq.gz	EAS	CHB	female	yes	26222391
GM18557	GM18557	NA18557	9	${fastqDir}/batch9/GM18557_R1_001.fastq.gz	EAS	CHB	male	yes	35115998
GM18874	GM18874	NA18874	9	${fastqDir}/batch9/GM18874_R1_001.fastq.gz	AFR	YRI	male	yes	35520131
GM18995	GM18995	NA18995	9	${fastqDir}/batch9/GM18995_R1_001.fastq.gz	EAS	JPT	male	yes	34212423
GM19064	GM19064	NA19064	9	${fastqDir}/batch9/GM19064_R1_001.fastq.gz	EAS	JPT	female	yes	33468456
GM19095	GM19095	NA19095	9	${fastqDir}/batch9/GM19095_R1_001.fastq.gz	AFR	YRI	female	yes	36026995
GM19393	GM19393	NA19393	9	${fastqDir}/batch9/GM19393_R1_001.fastq.gz	AFR	LWK	male	yes	34195027
GM19451	GM19451	NA19451	9	${fastqDir}/batch9/GM19451_R1_001.fastq.gz	AFR	LWK	male	yes	29675380
GM19663	GM19663	NA19663	9	${fastqDir}/batch9/GM19663_R1_001.fastq.gz	AMR	MXL	female	yes	28947449
GM19731	GM19731	NA19731	9	${fastqDir}/batch9/GM19731_R1_001.fastq.gz	AMR	MXL	female	yes	31861485
GM19818	GM19818	NA19818	9	${fastqDir}/batch9/GM19818_R1_001.fastq.gz	AFR	ASW	male	yes	29288026
GM20287	GM20287	NA20287	9	${fastqDir}/batch9/GM20287_R1_001.fastq.gz	AFR	ASW	female	yes	28056729
GM20543-9-1	GM20543	NA20543	9	${fastqDir}/batch9/GM20543-9-1_R1_001.fastq.gz	EUR	TSI	male	yes	28811271
GM20543-9-2	GM20543	NA20543	9	${fastqDir}/batch9/GM20543-9-2_R1_001.fastq.gz	EUR	TSI	male	yes	33972999
GM21098	GM21098	NA21098	9	${fastqDir}/batch9/GM21098_R1_001.fastq.gz	SAS	GIH	male	yes	27320772
HG00110	HG00110	HG00110	9	${fastqDir}/batch9/HG00110_R1_001.fastq.gz	EUR	GBR	female	no	33995374
HG00160	HG00160	HG00160	9	${fastqDir}/batch9/HG00160_R1_001.fastq.gz	EUR	GBR	male	no	35316219
HG00189-9-1	HG00189	HG00189	9	${fastqDir}/batch9/HG00189-9-1_R1_001.fastq.gz	EUR	FIN	male	no	27241207
HG00189-9-2	HG00189	HG00189	9	${fastqDir}/batch9/HG00189-9-2_R1_001.fastq.gz	EUR	FIN	male	no	41249479
HG00331	HG00331	HG00331	9	${fastqDir}/batch9/HG00331_R1_001.fastq.gz	EUR	FIN	female	no	24625706
HG00368	HG00368	HG00368	9	${fastqDir}/batch9/HG00368_R1_001.fastq.gz	EUR	FIN	female	no	34062164
HG00657	HG00657	HG00657	9	${fastqDir}/batch9/HG00657_R1_001.fastq.gz	EAS	CHS	female	no	35190097
HG00731	HG00731	HG00731	9	${fastqDir}/batch9/HG00731_R1_001.fastq.gz	AMR	PUR	male	no	31058073
HG00851	HG00851	HG00851	9	${fastqDir}/batch9/HG00851_R1_001.fastq.gz	EAS	CDX	female	no	36424804
HG01250	HG01250	HG01250	9	${fastqDir}/batch9/HG01250_R1_001.fastq.gz	AMR	CLM	male	no	30210660
HG01392	HG01392	HG01392	9	${fastqDir}/batch9/HG01392_R1_001.fastq.gz	AMR	PUR	male	no	36785395
HG01809	HG01809	HG01809	9	${fastqDir}/batch9/HG01809_R1_001.fastq.gz	EAS	CDX	female	no	34815625
HG01849	HG01849	HG01849	9	${fastqDir}/batch9/HG01849_R1_001.fastq.gz	EAS	KHV	male	no	32417233
HG01953	HG01953	HG01953	9	${fastqDir}/batch9/HG01953_R1_001.fastq.gz	AMR	PEL	male	no	30321947
HG02090	HG02090	HG02090	9	${fastqDir}/batch9/HG02090_R1_001.fastq.gz	AMR	PEL	male	no	44216358
HG02232	HG02232	HG02232	9	${fastqDir}/batch9/HG02232_R1_001.fastq.gz	EUR	IBS	female	no	39005872
HG02373	HG02373	HG02373	9	${fastqDir}/batch9/HG02373_R1_001.fastq.gz	EAS	CDX	male	no	36334548
HG02449	HG02449	HG02449	9	${fastqDir}/batch9/HG02449_R1_001.fastq.gz	AFR	ACB	male	no	37710395
HG02479	HG02479	HG02479	9	${fastqDir}/batch9/HG02479_R1_001.fastq.gz	AFR	ACB	female	no	26904464
HG02574	HG02574	HG02574	9	${fastqDir}/batch9/HG02574_R1_001.fastq.gz	AFR	GWD	female	no	31131571
HG03301	HG03301	HG03301	9	${fastqDir}/batch9/HG03301_R1_001.fastq.gz	AFR	ESN	male	no	32637359
HG03499	HG03499	HG03499	9	${fastqDir}/batch9/HG03499_R1_001.fastq.gz	AFR	ESN	female	no	32162592
HG03563	HG03563	HG03563	9	${fastqDir}/batch9/HG03563_R1_001.fastq.gz	AFR	MSL	female	no	28212540
HG03660	HG03660	HG03660	9	${fastqDir}/batch9/HG03660_R1_001.fastq.gz	SAS	PJL	male	no	36624947
HG03765	HG03765	HG03765	9	${fastqDir}/batch9/HG03765_R1_001.fastq.gz	SAS	PJL	female	no	32659368
HG04033	HG04033	HG04033	9	${fastqDir}/batch9/HG04033_R1_001.fastq.gz	SAS	STU	male	no	27604717
HG04059	HG04059	HG04059	9	${fastqDir}/batch9/HG04059_R1_001.fastq.gz	SAS	ITU	female	no	36250620
HG04141	HG04141	HG04141	9	${fastqDir}/batch9/HG04141_R1_001.fastq.gz	SAS	BEB	female	no	38650775
HG04152	HG04152	HG04152	9	${fastqDir}/batch9/HG04152_R1_001.fastq.gz	SAS	BEB	male	no	34636077
HG04216	HG04216	HG04216	9	${fastqDir}/batch9/HG04216_R1_001.fastq.gz	SAS	ITU	female	no	34825352
GM12046	GM12046	NA12046	10	${fastqDir}/batch10/GM12046_R1_001.fastq.gz	EUR	CEU	female	yes	30503177
GM12812	GM12812	NA12812	10	${fastqDir}/batch10/GM12812_R1_001.fastq.gz	EUR	CEU	male	yes	30982553
GM18507	GM18507	NA18507	10	${fastqDir}/batch10/GM18507_R1_001.fastq.gz	AFR	YRI	male	yes	32819272
GM18574	GM18574	NA18574	10	${fastqDir}/batch10/GM18574_R1_001.fastq.gz	EAS	CHB	female	yes	33242264
GM18879	GM18879	NA18879	10	${fastqDir}/batch10/GM18879_R1_001.fastq.gz	AFR	YRI	male	yes	32768224
GM18956	GM18956	NA18956	10	${fastqDir}/batch10/GM18956_R1_001.fastq.gz	EAS	JPT	female	yes	27797947
GM19338	GM19338	NA19338	10	${fastqDir}/batch10/GM19338_R1_001.fastq.gz	AFR	LWK	female	yes	32035131
GM19404	GM19404	NA19404	10	${fastqDir}/batch10/GM19404_R1_001.fastq.gz	AFR	LWK	female	yes	31892753
GM19682	GM19682	NA19682	10	${fastqDir}/batch10/GM19682_R1_001.fastq.gz	AMR	MXL	male	yes	19956405
GM19913	GM19913	NA19913	10	${fastqDir}/batch10/GM19913_R1_001.fastq.gz	AFR	ASW	female	yes	29071254
GM20334	GM20334	NA20334	10	${fastqDir}/batch10/GM20334_R1_001.fastq.gz	AFR	ASW	female	yes	31506569
GM20525-10-1	GM20525	NA20525	10	${fastqDir}/batch10/GM20525-10-1_R1_001.fastq.gz	EUR	TSI	male	yes	30536573
GM20525-10-2	GM20525	NA20525	10	${fastqDir}/batch10/GM20525-10-2_R1_001.fastq.gz	EUR	TSI	male	yes	32811798
GM20811	GM20811	NA20811	10	${fastqDir}/batch10/GM20811_R1_001.fastq.gz	EUR	TSI	male	yes	31304199
GM20847	GM20847	NA20847	10	${fastqDir}/batch10/GM20847_R1_001.fastq.gz	SAS	GIH	female	yes	28809009
GM21129	GM21129	NA21129	10	${fastqDir}/batch10/GM21129_R1_001.fastq.gz	SAS	GIH	male	yes	25131789
HG00108	HG00108	HG00108	10	${fastqDir}/batch10/HG00108_R1_001.fastq.gz	EUR	GBR	male	no	26893776
HG00142	HG00142	HG00142	10	${fastqDir}/batch10/HG00142_R1_001.fastq.gz	EUR	GBR	male	no	28932368
HG00177	HG00177	HG00177	10	${fastqDir}/batch10/HG00177_R1_001.fastq.gz	EUR	FIN	female	no	31361821
HG00254	HG00254	HG00254	10	${fastqDir}/batch10/HG00254_R1_001.fastq.gz	EUR	GBR	female	no	29643310
HG00525	HG00525	HG00525	10	${fastqDir}/batch10/HG00525_R1_001.fastq.gz	EAS	CHS	female	no	31152398
HG00581	HG00581	HG00581	10	${fastqDir}/batch10/HG00581_R1_001.fastq.gz	EAS	CHS	female	no	28442254
HG00844	HG00844	HG00844	10	${fastqDir}/batch10/HG00844_R1_001.fastq.gz	EAS	CDX	male	no	29021354
HG01108	HG01108	HG01108	10	${fastqDir}/batch10/HG01108_R1_001.fastq.gz	AMR	PUR	female	no	34920021
HG01173	HG01173	HG01173	10	${fastqDir}/batch10/HG01173_R1_001.fastq.gz	AMR	PUR	male	no	26692204
HG01345	HG01345	HG01345	10	${fastqDir}/batch10/HG01345_R1_001.fastq.gz	AMR	CLM	female	no	32526875
HG01393	HG01393	HG01393	10	${fastqDir}/batch10/HG01393_R1_001.fastq.gz	AMR	PUR	female	no	32495280
HG01494	HG01494	HG01494	10	${fastqDir}/batch10/HG01494_R1_001.fastq.gz	AMR	CLM	male	no	28470071
HG01682	HG01682	HG01682	10	${fastqDir}/batch10/HG01682_R1_001.fastq.gz	EUR	IBS	male	no	35107802
HG01851	HG01851	HG01851	10	${fastqDir}/batch10/HG01851_R1_001.fastq.gz	EAS	KHV	female	no	33757969
HG01878	HG01878	HG01878	10	${fastqDir}/batch10/HG01878_R1_001.fastq.gz	EAS	KHV	female	no	34988989
HG01965	HG01965	HG01965	10	${fastqDir}/batch10/HG01965_R1_001.fastq.gz	AMR	PEL	female	no	28954988
HG02104	HG02104	HG02104	10	${fastqDir}/batch10/HG02104_R1_001.fastq.gz	AMR	PEL	male	no	31488152
HG02142	HG02142	HG02142	10	${fastqDir}/batch10/HG02142_R1_001.fastq.gz	EAS	KHV	female	no	29811072
HG02236	HG02236	HG02236	10	${fastqDir}/batch10/HG02236_R1_001.fastq.gz	EUR	IBS	male	no	27735617
HG02580	HG02580	HG02580	10	${fastqDir}/batch10/HG02580_R1_001.fastq.gz	AFR	ACB	female	no	29296344
HG02611	HG02611	HG02611	10	${fastqDir}/batch10/HG02611_R1_001.fastq.gz	AFR	GWD	female	no	34966299
HG02614	HG02614	HG02614	10	${fastqDir}/batch10/HG02614_R1_001.fastq.gz	AFR	GWD	female	no	31175477
HG03135	HG03135	HG03135	10	${fastqDir}/batch10/HG03135_R1_001.fastq.gz	AFR	ESN	female	no	27232978
HG03209	HG03209	HG03209	10	${fastqDir}/batch10/HG03209_R1_001.fastq.gz	AFR	MSL	male	no	25768107
HG03401	HG03401	HG03401	10	${fastqDir}/batch10/HG03401_R1_001.fastq.gz	AFR	MSL	female	no	25417060
HG03514	HG03514	HG03514	10	${fastqDir}/batch10/HG03514_R1_001.fastq.gz	AFR	ESN	female	no	29979196
HG03595	HG03595	HG03595	10	${fastqDir}/batch10/HG03595_R1_001.fastq.gz	SAS	BEB	female	no	31212673
HG03631	HG03631	HG03631	10	${fastqDir}/batch10/HG03631_R1_001.fastq.gz	SAS	PJL	female	no	32787030
HG03717	HG03717	HG03717	10	${fastqDir}/batch10/HG03717_R1_001.fastq.gz	SAS	ITU	female	no	26676160
HG03898	HG03898	HG03898	10	${fastqDir}/batch10/HG03898_R1_001.fastq.gz	SAS	STU	female	no	31103905
HG04060	HG04060	HG04060	10	${fastqDir}/batch10/HG04060_R1_001.fastq.gz	SAS	ITU	male	no	32118526
HG04075	HG04075	HG04075	10	${fastqDir}/batch10/HG04075_R1_001.fastq.gz	SAS	STU	female	no	31832647
GM12828	GM12828	NA12828	11	${fastqDir}/batch11/GM12828_R1_001.fastq.gz	EUR	CEU	female	yes	32423641
GM12889	GM12889	NA12889	11	${fastqDir}/batch11/GM12889_R1_001.fastq.gz	EUR	CEU	male	yes	27229686
GM18561	GM18561	NA18561	11	${fastqDir}/batch11/GM18561_R1_001.fastq.gz	EAS	CHB	male	yes	31994106
GM18608	GM18608	NA18608	11	${fastqDir}/batch11/GM18608_R1_001.fastq.gz	EAS	CHB	male	yes	32437661
GM18915	GM18915	NA18915	11	${fastqDir}/batch11/GM18915_R1_001.fastq.gz	AFR	YRI	male	yes	28277189
GM18977	GM18977	NA18977	11	${fastqDir}/batch11/GM18977_R1_001.fastq.gz	EAS	JPT	male	yes	25543690
GM18982	GM18982	NA18982	11	${fastqDir}/batch11/GM18982_R1_001.fastq.gz	EAS	JPT	male	yes	31445164
GM19323	GM19323	NA19323	11	${fastqDir}/batch11/GM19323_R1_001.fastq.gz	AFR	LWK	female	yes	30878813
GM19355	GM19355	NA19355	11	${fastqDir}/batch11/GM19355_R1_001.fastq.gz	AFR	LWK	female	yes	28328686
GM19649	GM19649	NA19649	11	${fastqDir}/batch11/GM19649_R1_001.fastq.gz	AMR	MXL	male	yes	34379857
GM19704	GM19704	NA19704	11	${fastqDir}/batch11/GM19704_R1_001.fastq.gz	AFR	ASW	female	yes	30710015
GM19726	GM19726	NA19726	11	${fastqDir}/batch11/GM19726_R1_001.fastq.gz	AMR	MXL	male	yes	33885250
GM20511	GM20511	NA20511	11	${fastqDir}/batch11/GM20511_R1_001.fastq.gz	EUR	TSI	male	yes	26737133
GM20827	GM20827	NA20827	11	${fastqDir}/batch11/GM20827_R1_001.fastq.gz	EUR	TSI	male	yes	30434204
GM20889	GM20889	NA20889	11	${fastqDir}/batch11/GM20889_R1_001.fastq.gz	SAS	GIH	male	yes	26125438
GM21124	GM21124	NA21124	11	${fastqDir}/batch11/GM21124_R1_001.fastq.gz	SAS	GIH	male	yes	22619798
HG00121	HG00121	HG00121	11	${fastqDir}/batch11/HG00121_R1_001.fastq.gz	EUR	GBR	female	no	26732945
HG00148-11-1	HG00148	HG00148	11	${fastqDir}/batch11/HG00148-11-1_R1_001.fastq.gz	EUR	GBR	male	no	26181699
HG00148-11-2	HG00148	HG00148	11	${fastqDir}/batch11/HG00148-11-2_R1_001.fastq.gz	EUR	GBR	male	no	31048861
HG00189	HG00189	HG00189	11	${fastqDir}/batch11/HG00189_R1_001.fastq.gz	EUR	FIN	male	no	26895675
HG00311-11-1	HG00311	HG00311	11	${fastqDir}/batch11/HG00311-11-1_R1_001.fastq.gz	EUR	FIN	male	no	23648166
HG00311-11-2	HG00311	HG00311	11	${fastqDir}/batch11/HG00311-11-2_R1_001.fastq.gz	EUR	FIN	male	no	23310043
HG00318	HG00318	HG00318	11	${fastqDir}/batch11/HG00318_R1_001.fastq.gz	EUR	FIN	female	no	24471057
HG00337	HG00337	HG00337	11	${fastqDir}/batch11/HG00337_R1_001.fastq.gz	EUR	FIN	female	no	21813011
HG00663	HG00663	HG00663	11	${fastqDir}/batch11/HG00663_R1_001.fastq.gz	EAS	CHS	female	no	22858179
HG00956	HG00956	HG00956	11	${fastqDir}/batch11/HG00956_R1_001.fastq.gz	EAS	CDX	female	no	26065289
HG01055	HG01055	HG01055	11	${fastqDir}/batch11/HG01055_R1_001.fastq.gz	AMR	PUR	female	no	23689434
HG01113	HG01113	HG01113	11	${fastqDir}/batch11/HG01113_R1_001.fastq.gz	AMR	CLM	female	no	26694221
HG01170	HG01170	HG01170	11	${fastqDir}/batch11/HG01170_R1_001.fastq.gz	AMR	PUR	male	no	21108800
HG01271	HG01271	HG01271	11	${fastqDir}/batch11/HG01271_R1_001.fastq.gz	AMR	CLM	male	no	23198569
HG01527	HG01527	HG01527	11	${fastqDir}/batch11/HG01527_R1_001.fastq.gz	EUR	IBS	male	no	27312574
HG01863	HG01863	HG01863	11	${fastqDir}/batch11/HG01863_R1_001.fastq.gz	EAS	KHV	female	no	25454031
HG01932	HG01932	HG01932	11	${fastqDir}/batch11/HG01932_R1_001.fastq.gz	AMR	PEL	male	no	33140315
HG01988	HG01988	HG01988	11	${fastqDir}/batch11/HG01988_R1_001.fastq.gz	AFR	ACB	male	no	43479368
HG02355	HG02355	HG02355	11	${fastqDir}/batch11/HG02355_R1_001.fastq.gz	EAS	CDX	male	no	26537853
HG02439	HG02439	HG02439	11	${fastqDir}/batch11/HG02439_R1_001.fastq.gz	AFR	ACB	male	no	27147062
HG02494	HG02494	HG02494	11	${fastqDir}/batch11/HG02494_R1_001.fastq.gz	SAS	PJL	female	no	38750225
HG02568	HG02568	HG02568	11	${fastqDir}/batch11/HG02568_R1_001.fastq.gz	AFR	GWD	female	no	32683434
HG02799	HG02799	HG02799	11	${fastqDir}/batch11/HG02799_R1_001.fastq.gz	AFR	GWD	female	no	30730920
HG02946	HG02946	HG02946	11	${fastqDir}/batch11/HG02946_R1_001.fastq.gz	AFR	ESN	female	no	29778526
HG03058	HG03058	HG03058	11	${fastqDir}/batch11/HG03058_R1_001.fastq.gz	AFR	MSL	female	no	35855090
HG03419	HG03419	HG03419	11	${fastqDir}/batch11/HG03419_R1_001.fastq.gz	AFR	MSL	female	no	23235026
HG03593	HG03593	HG03593	11	${fastqDir}/batch11/HG03593_R1_001.fastq.gz	SAS	BEB	male	no	26980372
HG03667	HG03667	HG03667	11	${fastqDir}/batch11/HG03667_R1_001.fastq.gz	SAS	PJL	male	no	23284885
HG03858	HG03858	HG03858	11	${fastqDir}/batch11/HG03858_R1_001.fastq.gz	SAS	STU	female	no	27491936
HG04061	HG04061	HG04061	11	${fastqDir}/batch11/HG04061_R1_001.fastq.gz	SAS	ITU	male	no	30406361
HG04100	HG04100	HG04100	11	${fastqDir}/batch11/HG04100_R1_001.fastq.gz	SAS	STU	male	no	23054877
HG04177	HG04177	HG04177	11	${fastqDir}/batch11/HG04177_R1_001.fastq.gz	SAS	BEB	female	no	22212731
GM12003	GM12003	NA12003	12	${fastqDir}/batch12/GM12003_R1_001.fastq.gz	EUR	CEU	male	yes	24761960
GM12287	GM12287	NA12287	12	${fastqDir}/batch12/GM12287_R1_001.fastq.gz	EUR	CEU	female	yes	36034384
GM18541	GM18541	NA18541	12	${fastqDir}/batch12/GM18541_R1_001.fastq.gz	EAS	CHB	female	yes	28156953
GM18745	GM18745	NA18745	12	${fastqDir}/batch12/GM18745_R1_001.fastq.gz	EAS	CHB	male	yes	32607647
GM18856	GM18856	NA18856	12	${fastqDir}/batch12/GM18856_R1_001.fastq.gz	AFR	YRI	male	yes	29086109
GM19010	GM19010	NA19010	12	${fastqDir}/batch12/GM19010_R1_001.fastq.gz	EAS	JPT	female	yes	31788470
GM19239	GM19239	NA19239	12	${fastqDir}/batch12/GM19239_R1_001.fastq.gz	AFR	YRI	male	yes	28190231
GM19334	GM19334	NA19334	12	${fastqDir}/batch12/GM19334_R1_001.fastq.gz	AFR	LWK	male	yes	28064213
GM19789	GM19789	NA19789	12	${fastqDir}/batch12/GM19789_R1_001.fastq.gz	AMR	MXL	male	yes	37774274
GM19917	GM19917	NA19917	12	${fastqDir}/batch12/GM19917_R1_001.fastq.gz	AFR	ASW	female	yes	27877131
GM20294	GM20294	NA20294	12	${fastqDir}/batch12/GM20294_R1_001.fastq.gz	AFR	ASW	female	yes	27674063
GM20507	GM20507	NA20507	12	${fastqDir}/batch12/GM20507_R1_001.fastq.gz	EUR	TSI	female	yes	29291099
GM20822	GM20822	NA20822	12	${fastqDir}/batch12/GM20822_R1_001.fastq.gz	EUR	TSI	female	yes	28782144
GM20878	GM20878	NA20878	12	${fastqDir}/batch12/GM20878_R1_001.fastq.gz	SAS	GIH	female	yes	31718333
GM21120	GM21120	NA21120	12	${fastqDir}/batch12/GM21120_R1_001.fastq.gz	SAS	GIH	female	yes	29003082
HG00130	HG00130	HG00130	12	${fastqDir}/batch12/HG00130_R1_001.fastq.gz	EUR	GBR	female	no	30317910
HG00265	HG00265	HG00265	12	${fastqDir}/batch12/HG00265_R1_001.fastq.gz	EUR	GBR	male	no	28680632
HG00360	HG00360	HG00360	12	${fastqDir}/batch12/HG00360_R1_001.fastq.gz	EUR	FIN	male	no	27060445
HG00410	HG00410	HG00410	12	${fastqDir}/batch12/HG00410_R1_001.fastq.gz	EAS	CHS	female	no	26254350
HG00653	HG00653	HG00653	12	${fastqDir}/batch12/HG00653_R1_001.fastq.gz	EAS	CHS	male	no	28532744
HG00737	HG00737	HG00737	12	${fastqDir}/batch12/HG00737_R1_001.fastq.gz	AMR	PUR	female	no	28181531
HG01488	HG01488	HG01488	12	${fastqDir}/batch12/HG01488_R1_001.fastq.gz	AMR	CLM	male	no	23204006
HG01489	HG01489	HG01489	12	${fastqDir}/batch12/HG01489_R1_001.fastq.gz	AMR	CLM	female	no	31119539
HG01501	HG01501	HG01501	12	${fastqDir}/batch12/HG01501_R1_001.fastq.gz	EUR	IBS	female	no	25723291
HG01765	HG01765	HG01765	12	${fastqDir}/batch12/HG01765_R1_001.fastq.gz	EUR	IBS	male	no	22826706
HG01771	HG01771	HG01771	12	${fastqDir}/batch12/HG01771_R1_001.fastq.gz	EUR	IBS	male	no	30429831
HG01812	HG01812	HG01812	12	${fastqDir}/batch12/HG01812_R1_001.fastq.gz	EAS	CDX	female	no	27096111
HG01872	HG01872	HG01872	12	${fastqDir}/batch12/HG01872_R1_001.fastq.gz	EAS	KHV	male	no	28912997
HG01893	HG01893	HG01893	12	${fastqDir}/batch12/HG01893_R1_001.fastq.gz	AMR	PEL	female	no	31005324
HG02025	HG02025	HG02025	12	${fastqDir}/batch12/HG02025_R1_001.fastq.gz	EAS	KHV	female	no	28630346
HG02069	HG02069	HG02069	12	${fastqDir}/batch12/HG02069_R1_001.fastq.gz	EAS	KHV	female	no	28999373
HG02271	HG02271	HG02271	12	${fastqDir}/batch12/HG02271_R1_001.fastq.gz	AMR	PEL	male	no	28075615
HG02502	HG02502	HG02502	12	${fastqDir}/batch12/HG02502_R1_001.fastq.gz	AFR	ACB	female	no	29636079
HG02545	HG02545	HG02545	12	${fastqDir}/batch12/HG02545_R1_001.fastq.gz	AFR	ACB	male	no	32471238
HG02715	HG02715	HG02715	12	${fastqDir}/batch12/HG02715_R1_001.fastq.gz	AFR	GWD	male	no	29067924
HG02728	HG02728	HG02728	12	${fastqDir}/batch12/HG02728_R1_001.fastq.gz	SAS	PJL	female	no	26718327
HG02733	HG02733	HG02733	12	${fastqDir}/batch12/HG02733_R1_001.fastq.gz	SAS	PJL	male	no	30156307
HG02981	HG02981	HG02981	12	${fastqDir}/batch12/HG02981_R1_001.fastq.gz	AFR	ESN	male	no	31914786
HG02983	HG02983	HG02983	12	${fastqDir}/batch12/HG02983_R1_001.fastq.gz	AFR	GWD	female	no	25562590
HG03064	HG03064	HG03064	12	${fastqDir}/batch12/HG03064_R1_001.fastq.gz	AFR	MSL	female	no	32857683
HG03225	HG03225	HG03225	12	${fastqDir}/batch12/HG03225_R1_001.fastq.gz	AFR	MSL	male	no	30975356
HG03268	HG03268	HG03268	12	${fastqDir}/batch12/HG03268_R1_001.fastq.gz	AFR	ESN	male	no	32350158
HG03697	HG03697	HG03697	12	${fastqDir}/batch12/HG03697_R1_001.fastq.gz	SAS	STU	male	no	31380628
HG03711	HG03711	HG03711	12	${fastqDir}/batch12/HG03711_R1_001.fastq.gz	SAS	STU	male	no	27420400
HG03780	HG03780	HG03780	12	${fastqDir}/batch12/HG03780_R1_001.fastq.gz	SAS	ITU	female	no	25265157
HG03868	HG03868	HG03868	12	${fastqDir}/batch12/HG03868_R1_001.fastq.gz	SAS	ITU	female	no	23690073
HG04156	HG04156	HG04156	12	${fastqDir}/batch12/HG04156_R1_001.fastq.gz	SAS	BEB	female	no	30635820
HG04194	HG04194	HG04194	12	${fastqDir}/batch12/HG04194_R1_001.fastq.gz	SAS	BEB	male	no	26019747
GM12286	GM12286	NA12286	13	${fastqDir}/batch13/GM12286_R1_001.fastq.gz	EUR	CEU	male	yes	37150229
GM12348	GM12348	NA12348	13	${fastqDir}/batch13/GM12348_R1_001.fastq.gz	EUR	CEU	female	yes	37600135
GM18531	GM18531	NA18531	13	${fastqDir}/batch13/GM18531_R1_001.fastq.gz	EAS	CHB	female	yes	29691039
GM18548	GM18548	NA18548	13	${fastqDir}/batch13/GM18548_R1_001.fastq.gz	EAS	CHB	male	yes	27998864
GM18878	GM18878	NA18878	13	${fastqDir}/batch13/GM18878_R1_001.fastq.gz	AFR	YRI	female	yes	28070077
GM19077	GM19077	NA19077	13	${fastqDir}/batch13/GM19077_R1_001.fastq.gz	EAS	JPT	female	yes	31585101
GM19117-13-1	GM19117	NA19117	13	${fastqDir}/batch13/GM19117-13-1_R1_001.fastq.gz	AFR	YRI	male	yes	31424208
GM19117-13-2	GM19117	NA19117	13	${fastqDir}/batch13/GM19117-13-2_R1_001.fastq.gz	AFR	YRI	male	yes	24628948
GM19449	GM19449	NA19449	13	${fastqDir}/batch13/GM19449_R1_001.fastq.gz	AFR	LWK	female	yes	27791823
GM19648	GM19648	NA19648	13	${fastqDir}/batch13/GM19648_R1_001.fastq.gz	AMR	MXL	female	yes	30253542
GM19713	GM19713	NA19713	13	${fastqDir}/batch13/GM19713_R1_001.fastq.gz	AFR	ASW	female	yes	29042921
GM19723	GM19723	NA19723	13	${fastqDir}/batch13/GM19723_R1_001.fastq.gz	AMR	MXL	male	yes	27480564
GM20532	GM20532	NA20532	13	${fastqDir}/batch13/GM20532_R1_001.fastq.gz	EUR	TSI	male	yes	34402061
GM20536	GM20536	NA20536	13	${fastqDir}/batch13/GM20536_R1_001.fastq.gz	EUR	TSI	male	yes	37964082
GM20815-13-1	GM20815	NA20815	13	${fastqDir}/batch13/GM20815-13-1_R1_001.fastq.gz	EUR	TSI	male	yes	34028411
GM20815-13-2	GM20815	NA20815	13	${fastqDir}/batch13/GM20815-13-2_R1_001.fastq.gz	EUR	TSI	male	yes	27920688
GM20832	GM20832	NA20832	13	${fastqDir}/batch13/GM20832_R1_001.fastq.gz	EUR	TSI	female	yes	28061960
HG00105	HG00105	HG00105	13	${fastqDir}/batch13/HG00105_R1_001.fastq.gz	EUR	GBR	male	no	26088519
HG00304	HG00304	HG00304	13	${fastqDir}/batch13/HG00304_R1_001.fastq.gz	EUR	FIN	female	no	34431091
HG00311	HG00311	HG00311	13	${fastqDir}/batch13/HG00311_R1_001.fastq.gz	EUR	FIN	male	no	24577482
HG00596	HG00596	HG00596	13	${fastqDir}/batch13/HG00596_R1_001.fastq.gz	EAS	CHS	female	no	28932371
HG00625	HG00625	HG00625	13	${fastqDir}/batch13/HG00625_R1_001.fastq.gz	EAS	CHS	male	no	26581069
HG01061	HG01061	HG01061	13	${fastqDir}/batch13/HG01061_R1_001.fastq.gz	AMR	PUR	female	no	33423913
HG01161	HG01161	HG01161	13	${fastqDir}/batch13/HG01161_R1_001.fastq.gz	AMR	PUR	male	no	35540065
HG01348	HG01348	HG01348	13	${fastqDir}/batch13/HG01348_R1_001.fastq.gz	AMR	CLM	female	no	26329779
HG01372	HG01372	HG01372	13	${fastqDir}/batch13/HG01372_R1_001.fastq.gz	AMR	CLM	female	no	32290513
HG01615	HG01615	HG01615	13	${fastqDir}/batch13/HG01615_R1_001.fastq.gz	EUR	IBS	male	no	29876648
HG01630	HG01630	HG01630	13	${fastqDir}/batch13/HG01630_R1_001.fastq.gz	EUR	IBS	male	no	32067314
HG01853	HG01853	HG01853	13	${fastqDir}/batch13/HG01853_R1_001.fastq.gz	EAS	KHV	female	no	29514397
HG01920	HG01920	HG01920	13	${fastqDir}/batch13/HG01920_R1_001.fastq.gz	AMR	PEL	male	no	28636172
HG02102	HG02102	HG02102	13	${fastqDir}/batch13/HG02102_R1_001.fastq.gz	AMR	PEL	female	no	36149519
HG02134	HG02134	HG02134	13	${fastqDir}/batch13/HG02134_R1_001.fastq.gz	EAS	KHV	male	no	27458905
HG02178	HG02178	HG02178	13	${fastqDir}/batch13/HG02178_R1_001.fastq.gz	EAS	CDX	female	no	27983324
HG02265	HG02265	HG02265	13	${fastqDir}/batch13/HG02265_R1_001.fastq.gz	AMR	PEL	male	no	31272570
HG02282	HG02282	HG02282	13	${fastqDir}/batch13/HG02282_R1_001.fastq.gz	AFR	ACB	female	no	33273360
HG02396	HG02396	HG02396	13	${fastqDir}/batch13/HG02396_R1_001.fastq.gz	EAS	CDX	male	no	34861633
HG02583	HG02583	HG02583	13	${fastqDir}/batch13/HG02583_R1_001.fastq.gz	AFR	GWD	female	no	36848095
HG02628	HG02628	HG02628	13	${fastqDir}/batch13/HG02628_R1_001.fastq.gz	AFR	GWD	male	no	32682909
HG02681	HG02681	HG02681	13	${fastqDir}/batch13/HG02681_R1_001.fastq.gz	SAS	PJL	male	no	38016719
HG03019	HG03019	HG03019	13	${fastqDir}/batch13/HG03019_R1_001.fastq.gz	SAS	PJL	female	no	30927452
HG03294	HG03294	HG03294	13	${fastqDir}/batch13/HG03294_R1_001.fastq.gz	AFR	ESN	female	no	29825295
HG03478	HG03478	HG03478	13	${fastqDir}/batch13/HG03478_R1_001.fastq.gz	AFR	MSL	male	no	33726023
HG03604	HG03604	HG03604	13	${fastqDir}/batch13/HG03604_R1_001.fastq.gz	SAS	BEB	female	no	33113437
HG03781	HG03781	HG03781	13	${fastqDir}/batch13/HG03781_R1_001.fastq.gz	SAS	ITU	female	no	32108510
HG03823	HG03823	HG03823	13	${fastqDir}/batch13/HG03823_R1_001.fastq.gz	SAS	BEB	female	no	27208982
HG04047	HG04047	HG04047	13	${fastqDir}/batch13/HG04047_R1_001.fastq.gz	SAS	STU	female	no	34005839
HG04054	HG04054	HG04054	13	${fastqDir}/batch13/HG04054_R1_001.fastq.gz	SAS	ITU	female	no	31553921
GM12275	GM12275	NA12275	14	${fastqDir}/batch14/GM12275_R1_001.fastq.gz	EUR	CEU	female	yes	26763137
GM12762	GM12762	NA12762	14	${fastqDir}/batch14/GM12762_R1_001.fastq.gz	EUR	CEU	male	yes	34962373
GM18486	GM18486	NA18486	14	${fastqDir}/batch14/GM18486_R1_001.fastq.gz	AFR	YRI	male	yes	39165603
GM18553	GM18553	NA18553	14	${fastqDir}/batch14/GM18553_R1_001.fastq.gz	EAS	CHB	female	yes	30635353
GM18963	GM18963	NA18963	14	${fastqDir}/batch14/GM18963_R1_001.fastq.gz	EAS	JPT	female	yes	37439398
GM18987	GM18987	NA18987	14	${fastqDir}/batch14/GM18987_R1_001.fastq.gz	EAS	JPT	female	yes	42971118
GM19038	GM19038	NA19038	14	${fastqDir}/batch14/GM19038_R1_001.fastq.gz	AFR	LWK	female	yes	40719375
GM19238	GM19238	NA19238	14	${fastqDir}/batch14/GM19238_R1_001.fastq.gz	AFR	YRI	female	yes	35038371
GM19332	GM19332	NA19332	14	${fastqDir}/batch14/GM19332_R1_001.fastq.gz	AFR	LWK	female	yes	37499277
GM19438	GM19438	NA19438	14	${fastqDir}/batch14/GM19438_R1_001.fastq.gz	AFR	LWK	female	yes	29130389
GM19732	GM19732	NA19732	14	${fastqDir}/batch14/GM19732_R1_001.fastq.gz	AMR	MXL	male	yes	39173861
GM19741	GM19741	NA19741	14	${fastqDir}/batch14/GM19741_R1_001.fastq.gz	AMR	MXL	male	yes	27395988
GM19923	GM19923	NA19923	14	${fastqDir}/batch14/GM19923_R1_001.fastq.gz	AFR	ASW	female	yes	36693307
GM20317	GM20317	NA20317	14	${fastqDir}/batch14/GM20317_R1_001.fastq.gz	AFR	ASW	female	yes	29428884
GM20522	GM20522	NA20522	14	${fastqDir}/batch14/GM20522_R1_001.fastq.gz	EUR	TSI	female	yes	38161530
GM20797	GM20797	NA20797	14	${fastqDir}/batch14/GM20797_R1_001.fastq.gz	EUR	TSI	female	yes	28148423
GM20870	GM20870	NA20870	14	${fastqDir}/batch14/GM20870_R1_001.fastq.gz	SAS	GIH	male	yes	35102855
GM20896	GM20896	NA20896	14	${fastqDir}/batch14/GM20896_R1_001.fastq.gz	SAS	GIH	female	yes	27395424
HG00114	HG00114	HG00114	14	${fastqDir}/batch14/HG00114_R1_001.fastq.gz	EUR	GBR	male	no	27620721
HG00141	HG00141	HG00141	14	${fastqDir}/batch14/HG00141_R1_001.fastq.gz	EUR	GBR	male	no	32236504
HG00277	HG00277	HG00277	14	${fastqDir}/batch14/HG00277_R1_001.fastq.gz	EUR	FIN	male	no	37657500
HG00325-14-1	HG00325	HG00325	14	${fastqDir}/batch14/HG00325-14-1_R1_001.fastq.gz	EUR	FIN	male	no	34251628
HG00325-14-2	HG00325	HG00325	14	${fastqDir}/batch14/HG00325-14-2_R1_001.fastq.gz	EUR	FIN	male	no	34632481
HG00382	HG00382	HG00382	14	${fastqDir}/batch14/HG00382_R1_001.fastq.gz	EUR	FIN	male	no	27417808
HG00442	HG00442	HG00442	14	${fastqDir}/batch14/HG00442_R1_001.fastq.gz	EAS	CHS	male	no	38680379
HG00463	HG00463	HG00463	14	${fastqDir}/batch14/HG00463_R1_001.fastq.gz	EAS	CHS	male	no	37858434
HG00641	HG00641	HG00641	14	${fastqDir}/batch14/HG00641_R1_001.fastq.gz	AMR	PUR	female	no	35824342
HG01073	HG01073	HG01073	14	${fastqDir}/batch14/HG01073_R1_001.fastq.gz	AMR	PUR	female	no	30420410
HG01260	HG01260	HG01260	14	${fastqDir}/batch14/HG01260_R1_001.fastq.gz	AMR	CLM	female	no	43783916
HG01506	HG01506	HG01506	14	${fastqDir}/batch14/HG01506_R1_001.fastq.gz	EUR	IBS	male	no	27204478
HG01593	HG01593	HG01593	14	${fastqDir}/batch14/HG01593_R1_001.fastq.gz	SAS	PJL	female	no	27982865
HG01817	HG01817	HG01817	14	${fastqDir}/batch14/HG01817_R1_001.fastq.gz	EAS	CDX	female	no	26493840
HG01846	HG01846	HG01846	14	${fastqDir}/batch14/HG01846_R1_001.fastq.gz	EAS	KHV	male	no	38300009
HG01918	HG01918	HG01918	14	${fastqDir}/batch14/HG01918_R1_001.fastq.gz	AMR	PEL	female	no	37197045
HG02155	HG02155	HG02155	14	${fastqDir}/batch14/HG02155_R1_001.fastq.gz	EAS	CDX	female	no	30037715
HG02323	HG02323	HG02323	14	${fastqDir}/batch14/HG02323_R1_001.fastq.gz	AFR	ACB	male	no	28185069
HG02481	HG02481	HG02481	14	${fastqDir}/batch14/HG02481_R1_001.fastq.gz	AFR	ACB	male	no	26528801
HG02703	HG02703	HG02703	14	${fastqDir}/batch14/HG02703_R1_001.fastq.gz	AFR	GWD	female	no	26505300
HG02789	HG02789	HG02789	14	${fastqDir}/batch14/HG02789_R1_001.fastq.gz	SAS	PJL	male	no	26983097
HG02851	HG02851	HG02851	14	${fastqDir}/batch14/HG02851_R1_001.fastq.gz	AFR	GWD	male	no	40637383
HG02977	HG02977	HG02977	14	${fastqDir}/batch14/HG02977_R1_001.fastq.gz	AFR	ESN	male	no	37282303
HG03127	HG03127	HG03127	14	${fastqDir}/batch14/HG03127_R1_001.fastq.gz	AFR	ESN	male	no	26311271
HG03558	HG03558	HG03558	14	${fastqDir}/batch14/HG03558_R1_001.fastq.gz	AFR	MSL	female	no	25738891
HG03578	HG03578	HG03578	14	${fastqDir}/batch14/HG03578_R1_001.fastq.gz	AFR	MSL	female	no	35996843
HG03594	HG03594	HG03594	14	${fastqDir}/batch14/HG03594_R1_001.fastq.gz	SAS	BEB	male	no	25446042
HG03646	HG03646	HG03646	14	${fastqDir}/batch14/HG03646_R1_001.fastq.gz	SAS	STU	male	no	25264628
HG04029	HG04029	HG04029	14	${fastqDir}/batch14/HG04029_R1_001.fastq.gz	SAS	STU	female	no	26057209
HG04235	HG04235	HG04235	14	${fastqDir}/batch14/HG04235_R1_001.fastq.gz	SAS	ITU	male	no	34079923
GM12058	GM12058	NA12058	15	${fastqDir}/batch15/GM12058_R1_001.fastq.gz	EUR	CEU	female	yes	25802375
GM12815	GM12815	NA12815	15	${fastqDir}/batch15/GM12815_R1_001.fastq.gz	EUR	CEU	female	yes	30355376
GM18622	GM18622	NA18622	15	${fastqDir}/batch15/GM18622_R1_001.fastq.gz	EAS	CHB	male	yes	23323825
GM18861	GM18861	NA18861	15	${fastqDir}/batch15/GM18861_R1_001.fastq.gz	AFR	YRI	female	yes	24949455
GM18942	GM18942	NA18942	15	${fastqDir}/batch15/GM18942_R1_001.fastq.gz	EAS	JPT	female	yes	27652300
GM18962	GM18962	NA18962	15	${fastqDir}/batch15/GM18962_R1_001.fastq.gz	EAS	JPT	male	yes	24902105
GM19026	GM19026	NA19026	15	${fastqDir}/batch15/GM19026_R1_001.fastq.gz	AFR	LWK	male	yes	25247978
GM19055	GM19055	NA19055	15	${fastqDir}/batch15/GM19055_R1_001.fastq.gz	EAS	JPT	male	yes	26101308
GM19116-15-1	GM19116	NA19116	15	${fastqDir}/batch15/GM19116-15-1_R1_001.fastq.gz	AFR	YRI	female	yes	23278323
GM19116-15-2	GM19116	NA19116	15	${fastqDir}/batch15/GM19116-15-2_R1_001.fastq.gz	AFR	YRI	female	yes	24484333
GM19143-15-1	GM19143	NA19143	15	${fastqDir}/batch15/GM19143-15-1_R1_001.fastq.gz	AFR	YRI	female	yes	24073138
GM19143-15-2	GM19143	NA19143	15	${fastqDir}/batch15/GM19143-15-2_R1_001.fastq.gz	AFR	YRI	female	yes	26711623
GM19317	GM19317	NA19317	15	${fastqDir}/batch15/GM19317_R1_001.fastq.gz	AFR	LWK	male	yes	26128458
GM19774	GM19774	NA19774	15	${fastqDir}/batch15/GM19774_R1_001.fastq.gz	AMR	MXL	male	yes	25192904
GM19780	GM19780	NA19780	15	${fastqDir}/batch15/GM19780_R1_001.fastq.gz	AMR	MXL	male	yes	24143947
GM20278	GM20278	NA20278	15	${fastqDir}/batch15/GM20278_R1_001.fastq.gz	AFR	ASW	male	yes	24150692
GM20342	GM20342	NA20342	15	${fastqDir}/batch15/GM20342_R1_001.fastq.gz	AFR	ASW	male	yes	22636786
GM20543	GM20543	NA20543	15	${fastqDir}/batch15/GM20543_R1_001.fastq.gz	EUR	TSI	male	yes	25401633
GM20775	GM20775	NA20775	15	${fastqDir}/batch15/GM20775_R1_001.fastq.gz	EUR	TSI	female	yes	24062761
GM20884	GM20884	NA20884	15	${fastqDir}/batch15/GM20884_R1_001.fastq.gz	SAS	GIH	male	yes	24088481
HG00233	HG00233	HG00233	15	${fastqDir}/batch15/HG00233_R1_001.fastq.gz	EUR	GBR	female	no	24877214
HG00320	HG00320	HG00320	15	${fastqDir}/batch15/HG00320_R1_001.fastq.gz	EUR	FIN	female	no	25299509
HG00372	HG00372	HG00372	15	${fastqDir}/batch15/HG00372_R1_001.fastq.gz	EUR	FIN	male	no	28423239
HG00693	HG00693	HG00693	15	${fastqDir}/batch15/HG00693_R1_001.fastq.gz	EAS	CHS	female	no	25833833
HG00704	HG00704	HG00704	15	${fastqDir}/batch15/HG00704_R1_001.fastq.gz	EAS	CHS	male	no	26267882
HG01031	HG01031	HG01031	15	${fastqDir}/batch15/HG01031_R1_001.fastq.gz	EAS	CDX	male	no	26885570
HG01188	HG01188	HG01188	15	${fastqDir}/batch15/HG01188_R1_001.fastq.gz	AMR	PUR	female	no	25356036
HG01468	HG01468	HG01468	15	${fastqDir}/batch15/HG01468_R1_001.fastq.gz	AMR	CLM	female	no	22270106
HG01503	HG01503	HG01503	15	${fastqDir}/batch15/HG01503_R1_001.fastq.gz	EUR	IBS	male	no	27699138
HG02031	HG02031	HG02031	15	${fastqDir}/batch15/HG02031_R1_001.fastq.gz	EAS	KHV	female	no	26147389
HG02150	HG02150	HG02150	15	${fastqDir}/batch15/HG02150_R1_001.fastq.gz	AMR	PEL	male	no	25909059
HG02182	HG02182	HG02182	15	${fastqDir}/batch15/HG02182_R1_001.fastq.gz	EAS	CDX	female	no	21386621
HG02185	HG02185	HG02185	15	${fastqDir}/batch15/HG02185_R1_001.fastq.gz	EAS	CDX	female	no	24982535
HG02281	HG02281	HG02281	15	${fastqDir}/batch15/HG02281_R1_001.fastq.gz	AFR	ACB	male	no	27449069
HG02425	HG02425	HG02425	15	${fastqDir}/batch15/HG02425_R1_001.fastq.gz	AMR	PEL	female	no	24424293
HG02491	HG02491	HG02491	15	${fastqDir}/batch15/HG02491_R1_001.fastq.gz	SAS	PJL	female	no	25289312
HG02511	HG02511	HG02511	15	${fastqDir}/batch15/HG02511_R1_001.fastq.gz	AFR	ACB	female	no	22011927
HG02855	HG02855	HG02855	15	${fastqDir}/batch15/HG02855_R1_001.fastq.gz	AFR	GWD	female	no	24132175
HG03060	HG03060	HG03060	15	${fastqDir}/batch15/HG03060_R1_001.fastq.gz	AFR	MSL	male	no	30109553
HG03235	HG03235	HG03235	15	${fastqDir}/batch15/HG03235_R1_001.fastq.gz	SAS	PJL	female	no	29012044
HG03279	HG03279	HG03279	15	${fastqDir}/batch15/HG03279_R1_001.fastq.gz	AFR	ESN	female	no	27872772
HG03548	HG03548	HG03548	15	${fastqDir}/batch15/HG03548_R1_001.fastq.gz	AFR	MSL	female	no	27618798
HG03695	HG03695	HG03695	15	${fastqDir}/batch15/HG03695_R1_001.fastq.gz	SAS	STU	male	no	30331149
HG03743	HG03743	HG03743	15	${fastqDir}/batch15/HG03743_R1_001.fastq.gz	SAS	STU	male	no	23962140
HG03910	HG03910	HG03910	15	${fastqDir}/batch15/HG03910_R1_001.fastq.gz	SAS	BEB	female	no	26488870
HG04025	HG04025	HG04025	15	${fastqDir}/batch15/HG04025_R1_001.fastq.gz	SAS	ITU	female	no	29856899
HG04062	HG04062	HG04062	15	${fastqDir}/batch15/HG04062_R1_001.fastq.gz	SAS	ITU	female	no	26223850
GM12413	GM12413	NA12413	16	${fastqDir}/batch16/GM12413_R1_001.fastq.gz	EUR	CEU	male	yes	33578916
GM18542	GM18542	NA18542	16	${fastqDir}/batch16/GM18542_R1_001.fastq.gz	EAS	CHB	female	yes	31319664
GM18610	GM18610	NA18610	16	${fastqDir}/batch16/GM18610_R1_001.fastq.gz	EAS	CHB	female	yes	21252228
GM18969	GM18969	NA18969	16	${fastqDir}/batch16/GM18969_R1_001.fastq.gz	EAS	JPT	female	yes	24070470
GM19062	GM19062	NA19062	16	${fastqDir}/batch16/GM19062_R1_001.fastq.gz	EAS	JPT	male	yes	24518381
GM19117	GM19117	NA19117	16	${fastqDir}/batch16/GM19117_R1_001.fastq.gz	AFR	YRI	male	yes	32991337
GM19401	GM19401	NA19401	16	${fastqDir}/batch16/GM19401_R1_001.fastq.gz	AFR	LWK	female	yes	31442496
GM19475	GM19475	NA19475	16	${fastqDir}/batch16/GM19475_R1_001.fastq.gz	AFR	LWK	female	yes	28321924
GM19670	GM19670	NA19670	16	${fastqDir}/batch16/GM19670_R1_001.fastq.gz	AMR	MXL	male	yes	25320945
GM19770	GM19770	NA19770	16	${fastqDir}/batch16/GM19770_R1_001.fastq.gz	AMR	MXL	female	yes	28232496
GM19835	GM19835	NA19835	16	${fastqDir}/batch16/GM19835_R1_001.fastq.gz	AFR	ASW	female	yes	27090613
GM20332	GM20332	NA20332	16	${fastqDir}/batch16/GM20332_R1_001.fastq.gz	AFR	ASW	female	yes	33568809
GM20502-16-1	GM20502	NA20502	16	${fastqDir}/batch16/GM20502-16-1_R1_001.fastq.gz	EUR	TSI	female	yes	28797928
GM20502-16-2	GM20502	NA20502	16	${fastqDir}/batch16/GM20502-16-2_R1_001.fastq.gz	EUR	TSI	female	yes	30391666
GM20513	GM20513	NA20513	16	${fastqDir}/batch16/GM20513_R1_001.fastq.gz	EUR	TSI	male	yes	26888960
GM20862	GM20862	NA20862	16	${fastqDir}/batch16/GM20862_R1_001.fastq.gz	SAS	GIH	female	yes	23440914
GM20866	GM20866	NA20866	16	${fastqDir}/batch16/GM20866_R1_001.fastq.gz	SAS	GIH	male	yes	25454205
HG00096	HG00096	HG00096	16	${fastqDir}/batch16/HG00096_R1_001.fastq.gz	EUR	GBR	male	no	20688818
HG00127	HG00127	HG00127	16	${fastqDir}/batch16/HG00127_R1_001.fastq.gz	EUR	GBR	female	no	20243191
HG00250	HG00250	HG00250	16	${fastqDir}/batch16/HG00250_R1_001.fastq.gz	EUR	GBR	female	no	23483295
HG00269	HG00269	HG00269	16	${fastqDir}/batch16/HG00269_R1_001.fastq.gz	EUR	FIN	female	no	21360382
HG00533	HG00533	HG00533	16	${fastqDir}/batch16/HG00533_R1_001.fastq.gz	EAS	CHS	male	no	26163414
HG00556	HG00556	HG00556	16	${fastqDir}/batch16/HG00556_R1_001.fastq.gz	EAS	CHS	male	no	24604317
HG00740	HG00740	HG00740	16	${fastqDir}/batch16/HG00740_R1_001.fastq.gz	AMR	PUR	female	no	20254713
HG01052	HG01052	HG01052	16	${fastqDir}/batch16/HG01052_R1_001.fastq.gz	AMR	PUR	female	no	25574805
HG01284	HG01284	HG01284	16	${fastqDir}/batch16/HG01284_R1_001.fastq.gz	AMR	CLM	female	no	22997453
HG01365	HG01365	HG01365	16	${fastqDir}/batch16/HG01365_R1_001.fastq.gz	AMR	CLM	male	no	29119006
HG01515	HG01515	HG01515	16	${fastqDir}/batch16/HG01515_R1_001.fastq.gz	EUR	IBS	male	no	24142275
HG01518	HG01518	HG01518	16	${fastqDir}/batch16/HG01518_R1_001.fastq.gz	EUR	IBS	male	no	30471729
HG01600	HG01600	HG01600	16	${fastqDir}/batch16/HG01600_R1_001.fastq.gz	EAS	KHV	female	no	29438996
HG01686	HG01686	HG01686	16	${fastqDir}/batch16/HG01686_R1_001.fastq.gz	EUR	IBS	male	no	24645380
HG01806	HG01806	HG01806	16	${fastqDir}/batch16/HG01806_R1_001.fastq.gz	EAS	CDX	female	no	36636814
HG01912	HG01912	HG01912	16	${fastqDir}/batch16/HG01912_R1_001.fastq.gz	AFR	ACB	male	no	30545303
HG01951	HG01951	HG01951	16	${fastqDir}/batch16/HG01951_R1_001.fastq.gz	AMR	PEL	female	no	31718590
HG02026	HG02026	HG02026	16	${fastqDir}/batch16/HG02026_R1_001.fastq.gz	EAS	KHV	male	no	28159790
HG02301	HG02301	HG02301	16	${fastqDir}/batch16/HG02301_R1_001.fastq.gz	AMR	PEL	female	no	31504061
HG02332	HG02332	HG02332	16	${fastqDir}/batch16/HG02332_R1_001.fastq.gz	AFR	ACB	male	no	34013073
HG02623	HG02623	HG02623	16	${fastqDir}/batch16/HG02623_R1_001.fastq.gz	AFR	GWD	male	no	24726039
HG02694	HG02694	HG02694	16	${fastqDir}/batch16/HG02694_R1_001.fastq.gz	SAS	PJL	female	no	28176981
HG02839	HG02839	HG02839	16	${fastqDir}/batch16/HG02839_R1_001.fastq.gz	AFR	GWD	male	no	21172246
HG02941	HG02941	HG02941	16	${fastqDir}/batch16/HG02941_R1_001.fastq.gz	AFR	ESN	male	no	23865924
HG03311	HG03311	HG03311	16	${fastqDir}/batch16/HG03311_R1_001.fastq.gz	AFR	ESN	male	no	22613861
HG03557	HG03557	HG03557	16	${fastqDir}/batch16/HG03557_R1_001.fastq.gz	AFR	MSL	female	no	26713508
HG03589	HG03589	HG03589	16	${fastqDir}/batch16/HG03589_R1_001.fastq.gz	SAS	BEB	female	no	31300522
HG03692	HG03692	HG03692	16	${fastqDir}/batch16/HG03692_R1_001.fastq.gz	SAS	STU	female	no	27987650
HG03864	HG03864	HG03864	16	${fastqDir}/batch16/HG03864_R1_001.fastq.gz	SAS	ITU	male	no	30205523
HG04063	HG04063	HG04063	16	${fastqDir}/batch16/HG04063_R1_001.fastq.gz	SAS	ITU	female	no	28046129
HG04171	HG04171	HG04171	16	${fastqDir}/batch16/HG04171_R1_001.fastq.gz	SAS	BEB	female	no	26089943
GM18646	GM18646	NA18646	17	${fastqDir}/batch17/GM18646_R1_001.fastq.gz	EAS	CHB	female	yes	63054543
GM19116	GM19116	NA19116	17	${fastqDir}/batch17/GM19116_R1_001.fastq.gz	AFR	YRI	female	yes	64109125
GM19773	GM19773	NA19773	17	${fastqDir}/batch17/GM19773_R1_001.fastq.gz	AMR	MXL	female	yes	77214611
GM20767	GM20767	NA20767	17	${fastqDir}/batch17/GM20767_R1_001.fastq.gz	EUR	TSI	male	yes	68603005
GM20872	GM20872	NA20872	17	${fastqDir}/batch17/GM20872_R1_001.fastq.gz	SAS	GIH	female	yes	63569223
GM20902	GM20902	NA20902	17	${fastqDir}/batch17/GM20902_R1_001.fastq.gz	SAS	GIH	female	yes	71238030
HG00244	HG00244	HG00244	17	${fastqDir}/batch17/HG00244_R1_001.fastq.gz	EUR	GBR	male	no	62733861
HG00335	HG00335	HG00335	17	${fastqDir}/batch17/HG00335_R1_001.fastq.gz	EUR	FIN	male	no	90823295
HG01190	HG01190	HG01190	17	${fastqDir}/batch17/HG01190_R1_001.fastq.gz	AMR	PUR	male	no	74155212
HG01461	HG01461	HG01461	17	${fastqDir}/batch17/HG01461_R1_001.fastq.gz	AMR	CLM	male	no	80494912
HG02471	HG02471	HG02471	17	${fastqDir}/batch17/HG02471_R1_001.fastq.gz	AFR	ACB	female	no	76636577
HG02697	HG02697	HG02697	17	${fastqDir}/batch17/HG02697_R1_001.fastq.gz	SAS	PJL	female	no	74918472
HG02814	HG02814	HG02814	17	${fastqDir}/batch17/HG02814_R1_001.fastq.gz	AFR	GWD	female	no	77352229
HG03082	HG03082	HG03082	17	${fastqDir}/batch17/HG03082_R1_001.fastq.gz	AFR	MSL	female	no	85639983
HG03598	HG03598	HG03598	17	${fastqDir}/batch17/HG03598_R1_001.fastq.gz	SAS	BEB	female	no	77500368
